# SYNTHETIC - generated orbits, not a real catalogue and not real objects.
# Present so the dome shows realistic density before the live catalogue
# lands in step 2. Replace with:  npm run fetch:tle --group=active
SHELL-A-90001
1 90001U 26001A   26255.00000000  .00002000  00000-0  15000-3 0  9990
2 90001  53.0000 358.6864 0000560 252.2514 359.7941 15.04917756890068
SHELL-A-90002
1 90002U 26002A   26255.00000000  .00002000  00000-0  15000-3 0  9992
2 90002  53.0000   0.2967 0000075 250.1798  14.8424 15.06059501639495
SHELL-A-90003
1 90003U 26003A   26255.00000000  .00002000  00000-0  15000-3 0  9994
2 90003  53.0000 359.8424 0000533 119.9275  28.2690 15.04821643906873
SHELL-A-90004
1 90004U 26004A   26255.00000000  .00002000  00000-0  15000-3 0  9996
2 90004  53.0000   1.4693 0000891 328.2218  41.5312 15.04805210669126
SHELL-A-90005
1 90005U 26005A   26255.00000000  .00002000  00000-0  15000-3 0  9998
2 90005  53.0000 358.8167 0000208 202.8985  56.8716 15.04839774303687
SHELL-A-90006
1 90006U 26006A   26255.00000000  .00002000  00000-0  15000-3 0  9990
2 90006  53.0000 359.2428 0000122  38.2256  68.2160 15.05217686218587
SHELL-A-90007
1 90007U 26007A   26255.00000000  .00002000  00000-0  15000-3 0  9992
2 90007  53.0000   0.5706 0000100 113.6819  83.1569 15.05959092 51085
SHELL-A-90008
1 90008U 26008A   26255.00000000  .00002000  00000-0  15000-3 0  9994
2 90008  53.0000 359.4790 0000416  54.1661  97.4936 15.05088779224464
SHELL-A-90009
1 90009U 26009A   26255.00000000  .00002000  00000-0  15000-3 0  9996
2 90009  53.0000   0.8158 0000377  31.0469 109.4960 15.05754230251773
SHELL-A-90010
1 90010U 26010A   26255.00000000  .00002000  00000-0  15000-3 0  9990
2 90010  53.0000 359.0835 0000873 189.5519 123.6297 15.05947615916020
SHELL-A-90011
1 90011U 26011A   26255.00000000  .00002000  00000-0  15000-3 0  9992
2 90011  53.0000   0.7417 0000703 223.9774 139.9049 15.05586670281632
SHELL-A-90012
1 90012U 26012A   26255.00000000  .00002000  00000-0  15000-3 0  9994
2 90012  53.0000   0.2470 0000108 121.8851 153.6351 15.04893690219292
SHELL-A-90013
1 90013U 26013A   26255.00000000  .00002000  00000-0  15000-3 0  9996
2 90013  53.0000   0.4511 0000338 309.0537 166.2446 15.06005152577019
SHELL-A-90014
1 90014U 26014A   26255.00000000  .00002000  00000-0  15000-3 0  9998
2 90014  53.0000 358.6151 0000344 120.5722 179.3848 15.05451458512289
SHELL-A-90015
1 90015U 26015A   26255.00000000  .00002000  00000-0  15000-3 0  9990
2 90015  53.0000 359.2314 0000405 215.3623 195.1518 15.05469382506131
SHELL-A-90016
1 90016U 26016A   26255.00000000  .00002000  00000-0  15000-3 0  9992
2 90016  53.0000 359.6370 0000713 103.0984 208.1872 15.05540767333046
SHELL-A-90017
1 90017U 26017A   26255.00000000  .00002000  00000-0  15000-3 0  9994
2 90017  53.0000 358.7752 0000584  70.2597 220.5768 15.05923032822238
SHELL-A-90018
1 90018U 26018A   26255.00000000  .00002000  00000-0  15000-3 0  9996
2 90018  53.0000   0.2847 0000057 207.3117 234.1453 15.05632121943219
SHELL-A-90019
1 90019U 26019A   26255.00000000  .00002000  00000-0  15000-3 0  9998
2 90019  53.0000   0.6152 0000210 258.1146 247.8823 15.05492285912987
SHELL-A-90020
1 90020U 26020A   26255.00000000  .00002000  00000-0  15000-3 0  9992
2 90020  53.0000   1.0062 0000601  82.1751 264.5612 15.05298127466261
SHELL-A-90021
1 90021U 26021A   26255.00000000  .00002000  00000-0  15000-3 0  9994
2 90021  53.0000 358.7250 0000799  87.7287 276.3161 15.05479920253789
SHELL-A-90022
1 90022U 26022A   26255.00000000  .00002000  00000-0  15000-3 0  9996
2 90022  53.0000 359.3896 0000255  54.6845 289.7912 15.05665666540777
SHELL-A-90023
1 90023U 26023A   26255.00000000  .00002000  00000-0  15000-3 0  9998
2 90023  53.0000 359.0820 0000736 323.9080 305.0848 15.05142309396042
SHELL-A-90024
1 90024U 26024A   26255.00000000  .00002000  00000-0  15000-3 0  9990
2 90024  53.0000 358.7479 0000270 253.7214 319.1744 15.05708714999342
SHELL-A-90025
1 90025U 26025A   26255.00000000  .00002000  00000-0  15000-3 0  9992
2 90025  53.0000 359.2290 0000296  64.5738 332.1093 15.05399268379273
SHELL-A-90026
1 90026U 26026A   26255.00000000  .00002000  00000-0  15000-3 0  9994
2 90026  53.0000   0.4468 0000352 262.4276 345.5803 15.04842857581396
SHELL-A-90027
1 90027U 26027A   26255.00000000  .00002000  00000-0  15000-3 0  9996
2 90027  53.0000  13.5055 0000026  95.2503   9.6379 15.05474894724115
SHELL-A-90028
1 90028U 26028A   26255.00000000  .00002000  00000-0  15000-3 0  9998
2 90028  53.0000  12.4291 0000883 236.4511  24.4923 15.05346017498837
SHELL-A-90029
1 90029U 26029A   26255.00000000  .00002000  00000-0  15000-3 0  9990
2 90029  53.0000  14.3240 0000731 328.1303  37.2752 15.06209985950202
SHELL-A-90030
1 90030U 26030A   26255.00000000  .00002000  00000-0  15000-3 0  9994
2 90030  53.0000  15.0062 0000786 190.8681  53.9133 15.04783717316197
SHELL-A-90031
1 90031U 26031A   26255.00000000  .00002000  00000-0  15000-3 0  9996
2 90031  53.0000  13.1745 0000536 308.0660  67.1929 15.05380722449634
SHELL-A-90032
1 90032U 26032A   26255.00000000  .00002000  00000-0  15000-3 0  9998
2 90032  53.0000  14.9616 0000480 226.4257  79.9321 15.05331659844972
SHELL-A-90033
1 90033U 26033A   26255.00000000  .00002000  00000-0  15000-3 0  9990
2 90033  53.0000  14.7417 0000893 214.6926  95.3902 15.06010681292402
SHELL-A-90034
1 90034U 26034A   26255.00000000  .00002000  00000-0  15000-3 0  9992
2 90034  53.0000  14.8799 0000072  29.3005 106.9376 15.06156675483483
SHELL-A-90035
1 90035U 26035A   26255.00000000  .00002000  00000-0  15000-3 0  9994
2 90035  53.0000  14.0230 0000868  14.4678 122.0038 15.06114908782951
SHELL-A-90036
1 90036U 26036A   26255.00000000  .00002000  00000-0  15000-3 0  9996
2 90036  53.0000  12.6194 0000332 237.5065 136.5648 15.05484283160108
SHELL-A-90037
1 90037U 26037A   26255.00000000  .00002000  00000-0  15000-3 0  9998
2 90037  53.0000  14.3706 0000193  17.9145 150.3108 15.05500044826457
SHELL-A-90038
1 90038U 26038A   26255.00000000  .00002000  00000-0  15000-3 0  9990
2 90038  53.0000  12.4017 0000743 273.7554 162.6743 15.06239076344584
SHELL-A-90039
1 90039U 26039A   26255.00000000  .00002000  00000-0  15000-3 0  9992
2 90039  53.0000  12.8427 0000280  90.1702 176.9793 15.05707283593999
SHELL-A-90040
1 90040U 26040A   26255.00000000  .00002000  00000-0  15000-3 0  9996
2 90040  53.0000  14.9130 0000195 193.5390 192.3256 15.05879596869990
SHELL-A-90041
1 90041U 26041A   26255.00000000  .00002000  00000-0  15000-3 0  9998
2 90041  53.0000  13.2394 0000220  16.7417 205.3688 15.04988801807467
SHELL-A-90042
1 90042U 26042A   26255.00000000  .00002000  00000-0  15000-3 0  9990
2 90042  53.0000  13.5059 0000212 322.8776 219.0354 15.05090513776674
SHELL-A-90043
1 90043U 26043A   26255.00000000  .00002000  00000-0  15000-3 0  9992
2 90043  53.0000  12.7553 0000117  17.9630 233.2323 15.05439411574911
SHELL-A-90044
1 90044U 26044A   26255.00000000  .00002000  00000-0  15000-3 0  9994
2 90044  53.0000  14.8136 0000364   6.8471 244.9125 15.05212385337281
SHELL-A-90045
1 90045U 26045A   26255.00000000  .00002000  00000-0  15000-3 0  9996
2 90045  53.0000  14.2785 0000182 333.5262 260.4569 15.06185722768314
SHELL-A-90046
1 90046U 26046A   26255.00000000  .00002000  00000-0  15000-3 0  9998
2 90046  53.0000  14.8698 0000398  18.2464 272.6382 15.05593245257036
SHELL-A-90047
1 90047U 26047A   26255.00000000  .00002000  00000-0  15000-3 0  9990
2 90047  53.0000  12.8452 0000858  36.0745 287.7212 15.05538216115156
SHELL-A-90048
1 90048U 26048A   26255.00000000  .00002000  00000-0  15000-3 0  9992
2 90048  53.0000  13.7396 0000336  67.6695 301.5374 15.05368970420082
SHELL-A-90049
1 90049U 26049A   26255.00000000  .00002000  00000-0  15000-3 0  9994
2 90049  53.0000  14.0717 0000622 170.0268 315.4409 15.06084168408665
SHELL-A-90050
1 90050U 26050A   26255.00000000  .00002000  00000-0  15000-3 0  9998
2 90050  53.0000  14.0627 0000710 347.9887 329.2883 15.05872626894130
SHELL-A-90051
1 90051U 26051A   26255.00000000  .00002000  00000-0  15000-3 0  9990
2 90051  53.0000  15.2666 0000242  26.1042 344.0356 15.05885247977513
SHELL-A-90052
1 90052U 26052A   26255.00000000  .00002000  00000-0  15000-3 0  9992
2 90052  53.0000  13.0378 0000612 323.4361 358.4082 15.04853797954073
SHELL-A-90053
1 90053U 26053A   26255.00000000  .00002000  00000-0  15000-3 0  9994
2 90053  53.0000  28.3026 0000146 243.9644  22.7717 15.05184255 85129
SHELL-A-90054
1 90054U 26054A   26255.00000000  .00002000  00000-0  15000-3 0  9996
2 90054  53.0000  27.7036 0000436  29.8254  35.2149 15.04776139556975
SHELL-A-90055
1 90055U 26055A   26255.00000000  .00002000  00000-0  15000-3 0  9998
2 90055  53.0000  27.8414 0000455 131.0759  49.4696 15.06055289726267
SHELL-A-90056
1 90056U 26056A   26255.00000000  .00002000  00000-0  15000-3 0  9990
2 90056  53.0000  28.5995 0000146 119.0361  64.2803 15.05041203 20118
SHELL-A-90057
1 90057U 26057A   26255.00000000  .00002000  00000-0  15000-3 0  9992
2 90057  53.0000  26.6307 0000631  72.0199  76.3318 15.05169080568218
SHELL-A-90058
1 90058U 26058A   26255.00000000  .00002000  00000-0  15000-3 0  9994
2 90058  53.0000  26.6272 0000836 233.3135  90.6420 15.05737016344630
SHELL-A-90059
1 90059U 26059A   26255.00000000  .00002000  00000-0  15000-3 0  9996
2 90059  53.0000  26.6587 0000611 238.8651 104.1761 15.04919771522539
SHELL-A-90060
1 90060U 26060A   26255.00000000  .00002000  00000-0  15000-3 0  9990
2 90060  53.0000  26.8721 0000114   6.2666 118.3870 15.05518186860634
SHELL-A-90061
1 90061U 26061A   26255.00000000  .00002000  00000-0  15000-3 0  9992
2 90061  53.0000  29.0743 0000887 137.7781 131.7018 15.04816255881643
SHELL-A-90062
1 90062U 26062A   26255.00000000  .00002000  00000-0  15000-3 0  9994
2 90062  53.0000  28.9362 0000366 355.9726 147.1841 15.06057049393951
SHELL-A-90063
1 90063U 26063A   26255.00000000  .00002000  00000-0  15000-3 0  9996
2 90063  53.0000  26.8776 0000077 239.3032 160.5724 15.05345012908592
SHELL-A-90064
1 90064U 26064A   26255.00000000  .00002000  00000-0  15000-3 0  9998
2 90064  53.0000  27.0234 0000046 205.3795 173.0996 15.05507725285667
SHELL-A-90065
1 90065U 26065A   26255.00000000  .00002000  00000-0  15000-3 0  9990
2 90065  53.0000  26.6520 0000503  10.5201 189.4860 15.06153563834071
SHELL-A-90066
1 90066U 26066A   26255.00000000  .00002000  00000-0  15000-3 0  9992
2 90066  53.0000  28.1659 0000107  68.8269 200.9183 15.05920557162279
SHELL-A-90067
1 90067U 26067A   26255.00000000  .00002000  00000-0  15000-3 0  9994
2 90067  53.0000  29.1646 0000267  92.6943 214.5424 15.05084944210306
SHELL-A-90068
1 90068U 26068A   26255.00000000  .00002000  00000-0  15000-3 0  9996
2 90068  53.0000  26.8396 0000084  13.7015 230.5200 15.05228543326026
SHELL-A-90069
1 90069U 26069A   26255.00000000  .00002000  00000-0  15000-3 0  9998
2 90069  53.0000  27.0451 0000461 291.3619 242.5563 15.06180271486966
SHELL-A-90070
1 90070U 26070A   26255.00000000  .00002000  00000-0  15000-3 0  9992
2 90070  53.0000  28.8405 0000372 312.6930 256.0233 15.05661905690485
SHELL-A-90071
1 90071U 26071A   26255.00000000  .00002000  00000-0  15000-3 0  9994
2 90071  53.0000  27.3051 0000457 236.5432 271.9398 15.06066742549448
SHELL-A-90072
1 90072U 26072A   26255.00000000  .00002000  00000-0  15000-3 0  9996
2 90072  53.0000  27.1054 0000549 121.2509 284.1237 15.06167200 74236
SHELL-A-90073
1 90073U 26073A   26255.00000000  .00002000  00000-0  15000-3 0  9998
2 90073  53.0000  26.2617 0000311 322.9665 298.3292 15.05706954618182
SHELL-A-90074
1 90074U 26074A   26255.00000000  .00002000  00000-0  15000-3 0  9990
2 90074  53.0000  27.4814 0000057 350.1558 312.5398 15.05186961601915
SHELL-A-90075
1 90075U 26075A   26255.00000000  .00002000  00000-0  15000-3 0  9992
2 90075  53.0000  26.4092 0000107  23.2977 325.9799 15.05124699 93493
SHELL-A-90076
1 90076U 26076A   26255.00000000  .00002000  00000-0  15000-3 0  9994
2 90076  53.0000  27.2327 0000026 327.8783 340.2652 15.04895010 21492
SHELL-A-90077
1 90077U 26077A   26255.00000000  .00002000  00000-0  15000-3 0  9996
2 90077  53.0000  27.3622 0000545 167.5545 353.1804 15.05736250811819
SHELL-A-90078
1 90078U 26078A   26255.00000000  .00002000  00000-0  15000-3 0  9998
2 90078  53.0000  29.1210 0000117  49.3906   9.1404 15.04855791398484
SHELL-A-90079
1 90079U 26079A   26255.00000000  .00002000  00000-0  15000-3 0  9990
2 90079  53.0000  41.7055 0000286 207.6958  32.1770 15.05296193283813
SHELL-A-90080
1 90080U 26080A   26255.00000000  .00002000  00000-0  15000-3 0  9994
2 90080  53.0000  40.2470 0000428  43.3281  45.9109 15.05436018934242
SHELL-A-90081
1 90081U 26081A   26255.00000000  .00002000  00000-0  15000-3 0  9996
2 90081  53.0000  40.2636 0000636 139.7392  61.7964 15.05799121325258
SHELL-A-90082
1 90082U 26082A   26255.00000000  .00002000  00000-0  15000-3 0  9998
2 90082  53.0000  42.3075 0000466   6.1621  75.3000 15.04876084896036
SHELL-A-90083
1 90083U 26083A   26255.00000000  .00002000  00000-0  15000-3 0  9990
2 90083  53.0000  41.6743 0000432 246.5674  88.3140 15.05603403809646
SHELL-A-90084
1 90084U 26084A   26255.00000000  .00002000  00000-0  15000-3 0  9992
2 90084  53.0000  41.6428 0000590 242.2851 100.9312 15.05280536142226
SHELL-A-90085
1 90085U 26085A   26255.00000000  .00002000  00000-0  15000-3 0  9994
2 90085  53.0000  40.7059 0000607 115.5337 115.4044 15.05977434230644
SHELL-A-90086
1 90086U 26086A   26255.00000000  .00002000  00000-0  15000-3 0  9996
2 90086  53.0000  41.4553 0000877 342.0628 128.4544 15.05700111116515
SHELL-A-90087
1 90087U 26087A   26255.00000000  .00002000  00000-0  15000-3 0  9998
2 90087  53.0000  42.3473 0000109 326.0587 144.1327 15.04864386226522
SHELL-A-90088
1 90088U 26088A   26255.00000000  .00002000  00000-0  15000-3 0  9990
2 90088  53.0000  42.1853 0000033 327.2502 156.6557 15.04978915412905
SHELL-A-90089
1 90089U 26089A   26255.00000000  .00002000  00000-0  15000-3 0  9992
2 90089  53.0000  40.0467 0000194 122.8627 172.1834 15.05057176873684
SHELL-A-90090
1 90090U 26090A   26255.00000000  .00002000  00000-0  15000-3 0  9996
2 90090  53.0000  42.3126 0000868  18.1668 185.1223 15.04888968440533
SHELL-A-90091
1 90091U 26091A   26255.00000000  .00002000  00000-0  15000-3 0  9998
2 90091  53.0000  43.0141 0000573 219.8817 198.0874 15.04742045603179
SHELL-A-90092
1 90092U 26092A   26255.00000000  .00002000  00000-0  15000-3 0  9990
2 90092  53.0000  42.5372 0000701 132.1970 213.0998 15.06166152774254
SHELL-A-90093
1 90093U 26093A   26255.00000000  .00002000  00000-0  15000-3 0  9992
2 90093  53.0000  41.6784 0000636 188.2303 228.0032 15.04820815183699
SHELL-A-90094
1 90094U 26094A   26255.00000000  .00002000  00000-0  15000-3 0  9994
2 90094  53.0000  41.0487 0000851  58.9821 239.5598 15.05780162480708
SHELL-A-90095
1 90095U 26095A   26255.00000000  .00002000  00000-0  15000-3 0  9996
2 90095  53.0000  42.9690 0000532  11.2465 255.9088 15.05123562659346
SHELL-A-90096
1 90096U 26096A   26255.00000000  .00002000  00000-0  15000-3 0  9998
2 90096  53.0000  41.5995 0000576 305.6362 267.0038 15.06103316406800
SHELL-A-90097
1 90097U 26097A   26255.00000000  .00002000  00000-0  15000-3 0  9990
2 90097  53.0000  41.6558 0000030 315.1228 280.9326 15.05060949741954
SHELL-A-90098
1 90098U 26098A   26255.00000000  .00002000  00000-0  15000-3 0  9992
2 90098  53.0000  42.2304 0000527 239.4991 296.5533 15.05746973281520
SHELL-A-90099
1 90099U 26099A   26255.00000000  .00002000  00000-0  15000-3 0  9994
2 90099  53.0000  42.3933 0000640  28.9234 309.4555 15.04773952236969
SHELL-A-90100
1 90100U 26100A   26255.00000000  .00002000  00000-0  15000-3 0  9990
2 90100  53.0000  41.9364 0000844 301.7558 323.5435 15.05968563800384
SHELL-A-90101
1 90101U 26101A   26255.00000000  .00002000  00000-0  15000-3 0  9992
2 90101  53.0000  42.4431 0000445 190.1931 338.0893 15.05164618853058
SHELL-A-90102
1 90102U 26102A   26255.00000000  .00002000  00000-0  15000-3 0  9994
2 90102  53.0000  41.0552 0000046 345.2786 351.4813 15.05160637 93117
SHELL-A-90103
1 90103U 26103A   26255.00000000  .00002000  00000-0  15000-3 0  9996
2 90103  53.0000  41.5357 0000304 206.4402   6.4841 15.05016646741057
SHELL-A-90104
1 90104U 26104A   26255.00000000  .00002000  00000-0  15000-3 0  9998
2 90104  53.0000  41.5205 0000081  73.2709  18.3283 15.06120855864341
SHELL-A-90105
1 90105U 26105A   26255.00000000  .00002000  00000-0  15000-3 0  9990
2 90105  53.0000  54.8230 0000820  21.0253  43.8159 15.05975177446775
SHELL-A-90106
1 90106U 26106A   26255.00000000  .00002000  00000-0  15000-3 0  9992
2 90106  53.0000  54.2601 0000735 344.0218  57.3988 15.06203184828694
SHELL-A-90107
1 90107U 26107A   26255.00000000  .00002000  00000-0  15000-3 0  9994
2 90107  53.0000  56.5726 0000631  88.8808  71.6004 15.06028867436798
SHELL-A-90108
1 90108U 26108A   26255.00000000  .00002000  00000-0  15000-3 0  9996
2 90108  53.0000  55.6231 0000758  63.9025  85.7008 15.05870495  7835
SHELL-A-90109
1 90109U 26109A   26255.00000000  .00002000  00000-0  15000-3 0  9998
2 90109  53.0000  55.0189 0000013 298.6911  97.9000 15.05285535170582
SHELL-A-90110
1 90110U 26110A   26255.00000000  .00002000  00000-0  15000-3 0  9992
2 90110  53.0000  54.4559 0000034 175.0173 113.8144 15.04840829 44836
SHELL-A-90111
1 90111U 26111A   26255.00000000  .00002000  00000-0  15000-3 0  9994
2 90111  53.0000  54.8755 0000618  58.2526 128.2998 15.04986280742172
SHELL-A-90112
1 90112U 26112A   26255.00000000  .00002000  00000-0  15000-3 0  9996
2 90112  53.0000  54.3868 0000089 317.9369 139.6021 15.05837749249660
SHELL-A-90113
1 90113U 26113A   26255.00000000  .00002000  00000-0  15000-3 0  9998
2 90113  53.0000  54.7635 0000438 187.5953 156.2423 15.05550126115434
SHELL-A-90114
1 90114U 26114A   26255.00000000  .00002000  00000-0  15000-3 0  9990
2 90114  53.0000  56.0417 0000781 293.6641 169.6453 15.04855831635047
SHELL-A-90115
1 90115U 26115A   26255.00000000  .00002000  00000-0  15000-3 0  9992
2 90115  53.0000  54.6818 0000576 161.3908 180.9683 15.05736809301186
SHELL-A-90116
1 90116U 26116A   26255.00000000  .00002000  00000-0  15000-3 0  9994
2 90116  53.0000  55.8010 0000268 359.6513 196.5040 15.06125292390082
SHELL-A-90117
1 90117U 26117A   26255.00000000  .00002000  00000-0  15000-3 0  9996
2 90117  53.0000  54.5336 0000702  97.7401 209.5205 15.06059829810176
SHELL-A-90118
1 90118U 26118A   26255.00000000  .00002000  00000-0  15000-3 0  9998
2 90118  53.0000  56.4033 0000834 206.2205 224.4876 15.05250438723381
SHELL-A-90119
1 90119U 26119A   26255.00000000  .00002000  00000-0  15000-3 0  9990
2 90119  53.0000  56.5665 0000881 320.8815 236.4518 15.04768426 61770
SHELL-A-90120
1 90120U 26120A   26255.00000000  .00002000  00000-0  15000-3 0  9994
2 90120  53.0000  55.0314 0000103 108.6064 251.8604 15.06043095879631
SHELL-A-90121
1 90121U 26121A   26255.00000000  .00002000  00000-0  15000-3 0  9996
2 90121  53.0000  54.3769 0000774 324.4282 264.7470 15.04831608135151
SHELL-A-90122
1 90122U 26122A   26255.00000000  .00002000  00000-0  15000-3 0  9998
2 90122  53.0000  56.5684 0000004 196.7694 278.9002 15.06242597490231
SHELL-A-90123
1 90123U 26123A   26255.00000000  .00002000  00000-0  15000-3 0  9990
2 90123  53.0000  53.9784 0000845  82.6050 293.9045 15.04842696417693
SHELL-A-90124
1 90124U 26124A   26255.00000000  .00002000  00000-0  15000-3 0  9992
2 90124  53.0000  56.3932 0000652 204.4693 306.7351 15.05663364174719
SHELL-A-90125
1 90125U 26125A   26255.00000000  .00002000  00000-0  15000-3 0  9994
2 90125  53.0000  55.2604 0000544 266.8574 321.5105 15.05385538798879
SHELL-A-90126
1 90126U 26126A   26255.00000000  .00002000  00000-0  15000-3 0  9996
2 90126  53.0000  56.3837 0000373 282.8283 334.9766 15.05327712667613
SHELL-A-90127
1 90127U 26127A   26255.00000000  .00002000  00000-0  15000-3 0  9998
2 90127  53.0000  55.4957 0000033 158.2898 349.4767 15.05924862  3152
SHELL-A-90128
1 90128U 26128A   26255.00000000  .00002000  00000-0  15000-3 0  9990
2 90128  53.0000  54.9190 0000490 188.6762   1.8723 15.06109851465584
SHELL-A-90129
1 90129U 26129A   26255.00000000  .00002000  00000-0  15000-3 0  9992
2 90129  53.0000  54.0766 0000504 103.4667  17.7766 15.05748281232625
SHELL-A-90130
1 90130U 26130A   26255.00000000  .00002000  00000-0  15000-3 0  9996
2 90130  53.0000  54.8105 0000829 304.8790  31.5575 15.04898284184240
SHELL-A-90131
1 90131U 26131A   26255.00000000  .00002000  00000-0  15000-3 0  9998
2 90131  53.0000  68.8416 0000772  57.0542  53.6090 15.05393776253207
SHELL-A-90132
1 90132U 26132A   26255.00000000  .00002000  00000-0  15000-3 0  9990
2 90132  53.0000  68.5817 0000524 143.4995  69.9538 15.04919968291853
SHELL-A-90133
1 90133U 26133A   26255.00000000  .00002000  00000-0  15000-3 0  9992
2 90133  53.0000  69.1431 0000886 279.5140  82.6927 15.05512537827702
SHELL-A-90134
1 90134U 26134A   26255.00000000  .00002000  00000-0  15000-3 0  9994
2 90134  53.0000  69.2007 0000713 269.5355  97.9055 15.05607046585554
SHELL-A-90135
1 90135U 26135A   26255.00000000  .00002000  00000-0  15000-3 0  9996
2 90135  53.0000  70.5828 0000439  81.7434 110.2835 15.04886225460327
SHELL-A-90136
1 90136U 26136A   26255.00000000  .00002000  00000-0  15000-3 0  9998
2 90136  53.0000  67.7459 0000663  15.0062 124.7097 15.05274501389635
SHELL-A-90137
1 90137U 26137A   26255.00000000  .00002000  00000-0  15000-3 0  9990
2 90137  53.0000  69.2523 0000192 127.1567 138.9384 15.04749869474732
SHELL-A-90138
1 90138U 26138A   26255.00000000  .00002000  00000-0  15000-3 0  9992
2 90138  53.0000  69.1633 0000415 117.7726 152.8628 15.05393096942569
SHELL-A-90139
1 90139U 26139A   26255.00000000  .00002000  00000-0  15000-3 0  9994
2 90139  53.0000  69.1030 0000267  65.5963 165.1349 15.05321552871082
SHELL-A-90140
1 90140U 26140A   26255.00000000  .00002000  00000-0  15000-3 0  9998
2 90140  53.0000  68.7103 0000699 312.5153 180.1542 15.05336574486595
SHELL-A-90141
1 90141U 26141A   26255.00000000  .00002000  00000-0  15000-3 0  9990
2 90141  53.0000  68.5791 0000745 251.0810 193.7648 15.05808028 53232
SHELL-A-90142
1 90142U 26142A   26255.00000000  .00002000  00000-0  15000-3 0  9992
2 90142  53.0000  68.0055 0000707  26.2834 207.0513 15.06195815924531
SHELL-A-90143
1 90143U 26143A   26255.00000000  .00002000  00000-0  15000-3 0  9994
2 90143  53.0000  70.5535 0000272  21.4643 220.0925 15.05560569964464
SHELL-A-90144
1 90144U 26144A   26255.00000000  .00002000  00000-0  15000-3 0  9996
2 90144  53.0000  68.9147 0000345 343.6612 233.9006 15.06178604885934
SHELL-A-90145
1 90145U 26145A   26255.00000000  .00002000  00000-0  15000-3 0  9998
2 90145  53.0000  68.1262 0000077  76.2044 250.3072 15.04968785652466
SHELL-A-90146
1 90146U 26146A   26255.00000000  .00002000  00000-0  15000-3 0  9990
2 90146  53.0000  69.4353 0000413 358.4711 263.4652 15.05500101473524
SHELL-A-90147
1 90147U 26147A   26255.00000000  .00002000  00000-0  15000-3 0  9992
2 90147  53.0000  68.9103 0000111 212.2299 277.5778 15.04863336680183
SHELL-A-90148
1 90148U 26148A   26255.00000000  .00002000  00000-0  15000-3 0  9994
2 90148  53.0000  68.8177 0000502 200.1536 289.2766 15.05145827966349
SHELL-A-90149
1 90149U 26149A   26255.00000000  .00002000  00000-0  15000-3 0  9996
2 90149  53.0000  68.6784 0000505 160.6034 304.3451 15.05266604142868
SHELL-A-90150
1 90150U 26150A   26255.00000000  .00002000  00000-0  15000-3 0  9990
2 90150  53.0000  68.6461 0000644 135.8400 317.9367 15.05152570889968
SHELL-A-90151
1 90151U 26151A   26255.00000000  .00002000  00000-0  15000-3 0  9992
2 90151  53.0000  69.8701 0000749 271.8854 332.1673 15.05118020232614
SHELL-A-90152
1 90152U 26152A   26255.00000000  .00002000  00000-0  15000-3 0  9994
2 90152  53.0000  70.0025 0000216 320.6509 347.1417 15.05289091614441
SHELL-A-90153
1 90153U 26153A   26255.00000000  .00002000  00000-0  15000-3 0  9996
2 90153  53.0000  69.1138 0000470 182.2972   0.9340 15.05649150954312
SHELL-A-90154
1 90154U 26154A   26255.00000000  .00002000  00000-0  15000-3 0  9998
2 90154  53.0000  70.4691 0000660  54.7764  14.3544 15.04916170287889
SHELL-A-90155
1 90155U 26155A   26255.00000000  .00002000  00000-0  15000-3 0  9990
2 90155  53.0000  69.1028 0000051  18.3300  27.3685 15.05533250466395
SHELL-A-90156
1 90156U 26156A   26255.00000000  .00002000  00000-0  15000-3 0  9992
2 90156  53.0000  68.7907 0000653 199.3537  40.9846 15.06196535699768
SHELL-A-90157
1 90157U 26157A   26255.00000000  .00002000  00000-0  15000-3 0  9994
2 90157  53.0000  82.0447 0000012 290.2979  65.9783 15.05791535959910
SHELL-A-90158
1 90158U 26158A   26255.00000000  .00002000  00000-0  15000-3 0  9996
2 90158  53.0000  84.4419 0000469 348.6664  80.2868 15.05110438851610
SHELL-A-90159
1 90159U 26159A   26255.00000000  .00002000  00000-0  15000-3 0  9998
2 90159  53.0000  83.5158 0000074 304.4639  94.0458 15.06055679781790
SHELL-A-90160
1 90160U 26160A   26255.00000000  .00002000  00000-0  15000-3 0  9992
2 90160  53.0000  84.1220 0000702 192.2361 107.6593 15.04764874208531
SHELL-A-90161
1 90161U 26161A   26255.00000000  .00002000  00000-0  15000-3 0  9994
2 90161  53.0000  81.8470 0000010 279.3419 122.2117 15.05638491164976
SHELL-A-90162
1 90162U 26162A   26255.00000000  .00002000  00000-0  15000-3 0  9996
2 90162  53.0000  83.1052 0000582  52.4977 136.6661 15.05635106149012
SHELL-A-90163
1 90163U 26163A   26255.00000000  .00002000  00000-0  15000-3 0  9998
2 90163  53.0000  81.8896 0000733  81.0068 149.1706 15.05352210932742
SHELL-A-90164
1 90164U 26164A   26255.00000000  .00002000  00000-0  15000-3 0  9990
2 90164  53.0000  84.1290 0000106  38.5484 162.0055 15.05993940585184
SHELL-A-90165
1 90165U 26165A   26255.00000000  .00002000  00000-0  15000-3 0  9992
2 90165  53.0000  81.8417 0000106  96.1735 176.1726 15.05903631225167
SHELL-A-90166
1 90166U 26166A   26255.00000000  .00002000  00000-0  15000-3 0  9994
2 90166  53.0000  82.5555 0000367  20.4894 191.9331 15.05550004616976
SHELL-A-90167
1 90167U 26167A   26255.00000000  .00002000  00000-0  15000-3 0  9996
2 90167  53.0000  82.3281 0000105 356.5935 205.4884 15.05795752897774
SHELL-A-90168
1 90168U 26168A   26255.00000000  .00002000  00000-0  15000-3 0  9998
2 90168  53.0000  84.2443 0000895 295.7708 219.0296 15.05576108778570
SHELL-A-90169
1 90169U 26169A   26255.00000000  .00002000  00000-0  15000-3 0  9990
2 90169  53.0000  84.2180 0000801 242.6291 232.8639 15.05241171189236
SHELL-A-90170
1 90170U 26170A   26255.00000000  .00002000  00000-0  15000-3 0  9994
2 90170  53.0000  84.1308 0000653 355.9172 246.5321 15.04773254363167
SHELL-A-90171
1 90171U 26171A   26255.00000000  .00002000  00000-0  15000-3 0  9996
2 90171  53.0000  83.1971 0000882 216.3790 259.1055 15.05135006855262
SHELL-A-90172
1 90172U 26172A   26255.00000000  .00002000  00000-0  15000-3 0  9998
2 90172  53.0000  84.3028 0000201 111.6804 274.2996 15.05801739208927
SHELL-A-90173
1 90173U 26173A   26255.00000000  .00002000  00000-0  15000-3 0  9990
2 90173  53.0000  83.0280 0000595 341.6426 288.3418 15.05157736302960
SHELL-A-90174
1 90174U 26174A   26255.00000000  .00002000  00000-0  15000-3 0  9992
2 90174  53.0000  84.4929 0000193 284.8301 300.9632 15.05556109886165
SHELL-A-90175
1 90175U 26175A   26255.00000000  .00002000  00000-0  15000-3 0  9994
2 90175  53.0000  81.6856 0000306 308.0220 315.4541 15.04811076392392
SHELL-A-90176
1 90176U 26176A   26255.00000000  .00002000  00000-0  15000-3 0  9996
2 90176  53.0000  84.5722 0000779  32.7765 329.8816 15.06122487461402
SHELL-A-90177
1 90177U 26177A   26255.00000000  .00002000  00000-0  15000-3 0  9998
2 90177  53.0000  83.9285 0000211 124.9407 343.6425 15.04742921250504
SHELL-A-90178
1 90178U 26178A   26255.00000000  .00002000  00000-0  15000-3 0  9990
2 90178  53.0000  83.8536 0000362 194.4016 357.1029 15.04913688175054
SHELL-A-90179
1 90179U 26179A   26255.00000000  .00002000  00000-0  15000-3 0  9992
2 90179  53.0000  84.1324 0000647 110.1933  10.9150 15.05431513924552
SHELL-A-90180
1 90180U 26180A   26255.00000000  .00002000  00000-0  15000-3 0  9996
2 90180  53.0000  82.2124 0000214 190.2223  25.3351 15.06133494950181
SHELL-A-90181
1 90181U 26181A   26255.00000000  .00002000  00000-0  15000-3 0  9998
2 90181  53.0000  84.2618 0000500 193.4299  38.6771 15.05256037 24248
SHELL-A-90182
1 90182U 26182A   26255.00000000  .00002000  00000-0  15000-3 0  9990
2 90182  53.0000  84.1098 0000883 146.7752  51.3964 15.04807110310044
SHELL-A-90183
1 90183U 26183A   26255.00000000  .00002000  00000-0  15000-3 0  9992
2 90183  53.0000  98.0106 0000187  11.4312  77.1130 15.05213333696740
SHELL-A-90184
1 90184U 26184A   26255.00000000  .00002000  00000-0  15000-3 0  9994
2 90184  53.0000  98.2702 0000665 226.8372  92.2765 15.05877073223121
SHELL-A-90185
1 90185U 26185A   26255.00000000  .00002000  00000-0  15000-3 0  9996
2 90185  53.0000  96.2497 0000720  67.4620 103.2546 15.06217806563230
SHELL-A-90186
1 90186U 26186A   26255.00000000  .00002000  00000-0  15000-3 0  9998
2 90186  53.0000  97.0626 0000826 219.2528 118.6544 15.05241653317775
SHELL-A-90187
1 90187U 26187A   26255.00000000  .00002000  00000-0  15000-3 0  9990
2 90187  53.0000  98.2948 0000089  73.6183 132.7264 15.04985008876725
SHELL-A-90188
1 90188U 26188A   26255.00000000  .00002000  00000-0  15000-3 0  9992
2 90188  53.0000  97.7721 0000829 258.9412 145.1567 15.05059487893697
SHELL-A-90189
1 90189U 26189A   26255.00000000  .00002000  00000-0  15000-3 0  9994
2 90189  53.0000  97.4705 0000841 347.8159 159.6868 15.05443688883151
SHELL-A-90190
1 90190U 26190A   26255.00000000  .00002000  00000-0  15000-3 0  9998
2 90190  53.0000  96.4135 0000470 158.8115 175.4005 15.05920835352771
SHELL-A-90191
1 90191U 26191A   26255.00000000  .00002000  00000-0  15000-3 0  9990
2 90191  53.0000  97.2368 0000387 137.2725 187.1411 15.04910876689052
SHELL-A-90192
1 90192U 26192A   26255.00000000  .00002000  00000-0  15000-3 0  9992
2 90192  53.0000  98.2416 0000190   9.6360 201.4919 15.05565114149390
SHELL-A-90193
1 90193U 26193A   26255.00000000  .00002000  00000-0  15000-3 0  9994
2 90193  53.0000  96.7750 0000109  79.6206 216.9413 15.05262373522229
SHELL-A-90194
1 90194U 26194A   26255.00000000  .00002000  00000-0  15000-3 0  9996
2 90194  53.0000  97.1976 0000459  16.9333 229.4900 15.05303391745760
SHELL-A-90195
1 90195U 26195A   26255.00000000  .00002000  00000-0  15000-3 0  9998
2 90195  53.0000  97.0526 0000649 139.1024 242.9929 15.05038736137514
SHELL-A-90196
1 90196U 26196A   26255.00000000  .00002000  00000-0  15000-3 0  9990
2 90196  53.0000  95.6066 0000507 165.3166 257.7422 15.06133994646081
SHELL-A-90197
1 90197U 26197A   26255.00000000  .00002000  00000-0  15000-3 0  9992
2 90197  53.0000  98.0817 0000250  39.5969 269.3896 15.05029551900495
SHELL-A-90198
1 90198U 26198A   26255.00000000  .00002000  00000-0  15000-3 0  9994
2 90198  53.0000  95.7147 0000278 246.0047 283.2537 15.04950858407804
SHELL-A-90199
1 90199U 26199A   26255.00000000  .00002000  00000-0  15000-3 0  9996
2 90199  53.0000  96.1483 0000524 357.5766 297.3284 15.05757287185746
SHELL-A-90200
1 90200U 26200A   26255.00000000  .00002000  00000-0  15000-3 0  9992
2 90200  53.0000  97.0549 0000691 311.2837 311.8605 15.05767749135482
SHELL-A-90201
1 90201U 26201A   26255.00000000  .00002000  00000-0  15000-3 0  9994
2 90201  53.0000  98.0434 0000888 309.6463 327.5532 15.05568065627884
SHELL-A-90202
1 90202U 26202A   26255.00000000  .00002000  00000-0  15000-3 0  9996
2 90202  53.0000  98.0959 0000521 138.0312 339.3298 15.05649161798165
SHELL-A-90203
1 90203U 26203A   26255.00000000  .00002000  00000-0  15000-3 0  9998
2 90203  53.0000  97.2179 0000412  12.7642 352.8947 15.05989388854739
SHELL-A-90204
1 90204U 26204A   26255.00000000  .00002000  00000-0  15000-3 0  9990
2 90204  53.0000  98.2347 0000479 349.9302   7.6464 15.05131175446996
SHELL-A-90205
1 90205U 26205A   26255.00000000  .00002000  00000-0  15000-3 0  9992
2 90205  53.0000  98.2620 0000399 219.1891  21.0107 15.06175196977088
SHELL-A-90206
1 90206U 26206A   26255.00000000  .00002000  00000-0  15000-3 0  9994
2 90206  53.0000  95.7685 0000080 168.6112  35.2392 15.05430168211506
SHELL-A-90207
1 90207U 26207A   26255.00000000  .00002000  00000-0  15000-3 0  9996
2 90207  53.0000  95.6348 0000306 291.2117  48.2992 15.05233685492833
SHELL-A-90208
1 90208U 26208A   26255.00000000  .00002000  00000-0  15000-3 0  9998
2 90208  53.0000  96.6230 0000186 160.9613  63.5478 15.04775236901458
SHELL-A-90209
1 90209U 26209A   26255.00000000  .00002000  00000-0  15000-3 0  9990
2 90209  53.0000 111.1197 0000838 168.8292  88.7479 15.04965474582111
SHELL-A-90210
1 90210U 26210A   26255.00000000  .00002000  00000-0  15000-3 0  9994
2 90210  53.0000 109.3679 0000155 230.1538 101.5837 15.05753724 39387
SHELL-A-90211
1 90211U 26211A   26255.00000000  .00002000  00000-0  15000-3 0  9996
2 90211  53.0000 110.3719 0000544 145.1614 116.0981 15.06200313317277
SHELL-A-90212
1 90212U 26212A   26255.00000000  .00002000  00000-0  15000-3 0  9998
2 90212  53.0000 111.1097 0000690  93.8234 128.8830 15.05642113159078
SHELL-A-90213
1 90213U 26213A   26255.00000000  .00002000  00000-0  15000-3 0  9990
2 90213  53.0000 110.5817 0000551 220.0953 142.4122 15.05259502839864
SHELL-A-90214
1 90214U 26214A   26255.00000000  .00002000  00000-0  15000-3 0  9992
2 90214  53.0000 111.5465 0000325  35.4350 157.0526 15.05767505546887
SHELL-A-90215
1 90215U 26215A   26255.00000000  .00002000  00000-0  15000-3 0  9994
2 90215  53.0000 109.3642 0000825 249.8751 171.5433 15.05075401964633
SHELL-A-90216
1 90216U 26216A   26255.00000000  .00002000  00000-0  15000-3 0  9996
2 90216  53.0000 111.3505 0000032  66.0006 185.6340 15.05537000953940
SHELL-A-90217
1 90217U 26217A   26255.00000000  .00002000  00000-0  15000-3 0  9998
2 90217  53.0000 111.0089 0000710  67.3131 198.0373 15.05634286137628
SHELL-A-90218
1 90218U 26218A   26255.00000000  .00002000  00000-0  15000-3 0  9990
2 90218  53.0000 110.4064 0000645  11.2182 212.5087 15.06059305516580
SHELL-A-90219
1 90219U 26219A   26255.00000000  .00002000  00000-0  15000-3 0  9992
2 90219  53.0000 110.5083 0000506 226.7717 227.5445 15.04879174605097
SHELL-A-90220
1 90220U 26220A   26255.00000000  .00002000  00000-0  15000-3 0  9996
2 90220  53.0000 109.8015 0000417 162.0059 240.8162 15.05539510647501
SHELL-A-90221
1 90221U 26221A   26255.00000000  .00002000  00000-0  15000-3 0  9998
2 90221  53.0000 111.3682 0000404 307.9744 253.8544 15.06089724677742
SHELL-A-90222
1 90222U 26222A   26255.00000000  .00002000  00000-0  15000-3 0  9990
2 90222  53.0000 111.5904 0000555  80.5114 267.5484 15.04856715611174
SHELL-A-90223
1 90223U 26223A   26255.00000000  .00002000  00000-0  15000-3 0  9992
2 90223  53.0000 110.6661 0000189  15.6838 281.9151 15.05086112 44448
SHELL-A-90224
1 90224U 26224A   26255.00000000  .00002000  00000-0  15000-3 0  9994
2 90224  53.0000 109.9174 0000144  51.9321 295.9090 15.05338529639708
SHELL-A-90225
1 90225U 26225A   26255.00000000  .00002000  00000-0  15000-3 0  9996
2 90225  53.0000 112.0553 0000474 265.2175 310.7438 15.05335428250063
SHELL-A-90226
1 90226U 26226A   26255.00000000  .00002000  00000-0  15000-3 0  9998
2 90226  53.0000 109.7743 0000449 200.0612 323.0504 15.04739514505251
SHELL-A-90227
1 90227U 26227A   26255.00000000  .00002000  00000-0  15000-3 0  9990
2 90227  53.0000 110.2615 0000171 117.4249 336.4558 15.06017391792738
SHELL-A-90228
1 90228U 26228A   26255.00000000  .00002000  00000-0  15000-3 0  9992
2 90228  53.0000 111.6084 0000585 240.2701 351.8644 15.05788830580915
SHELL-A-90229
1 90229U 26229A   26255.00000000  .00002000  00000-0  15000-3 0  9994
2 90229  53.0000 109.4128 0000521  63.3560   4.3574 15.05403580585202
SHELL-A-90230
1 90230U 26230A   26255.00000000  .00002000  00000-0  15000-3 0  9998
2 90230  53.0000 112.1798 0000879  74.3203  18.2582 15.04956609484609
SHELL-A-90231
1 90231U 26231A   26255.00000000  .00002000  00000-0  15000-3 0  9990
2 90231  53.0000 111.5615 0000013 121.2708  32.4404 15.06121194749164
SHELL-A-90232
1 90232U 26232A   26255.00000000  .00002000  00000-0  15000-3 0  9992
2 90232  53.0000 111.9315 0000399 152.2412  46.0580 15.06052608756403
SHELL-A-90233
1 90233U 26233A   26255.00000000  .00002000  00000-0  15000-3 0  9994
2 90233  53.0000 111.7416 0000536 288.9866  60.6242 15.05724159775894
SHELL-A-90234
1 90234U 26234A   26255.00000000  .00002000  00000-0  15000-3 0  9996
2 90234  53.0000 111.9691 0000199 102.5932  73.0476 15.05827463334319
SHELL-A-90235
1 90235U 26235A   26255.00000000  .00002000  00000-0  15000-3 0  9998
2 90235  53.0000 125.1300 0000433 293.2443 100.1010 15.06062022271049
SHELL-A-90236
1 90236U 26236A   26255.00000000  .00002000  00000-0  15000-3 0  9990
2 90236  53.0000 126.0873 0000706 158.2213 111.9154 15.06124545735248
SHELL-A-90237
1 90237U 26237A   26255.00000000  .00002000  00000-0  15000-3 0  9992
2 90237  53.0000 123.3703 0000761 144.4627 126.9089 15.05367262120669
SHELL-A-90238
1 90238U 26238A   26255.00000000  .00002000  00000-0  15000-3 0  9994
2 90238  53.0000 125.1376 0000143 267.2477 139.6742 15.05808103309117
SHELL-A-90239
1 90239U 26239A   26255.00000000  .00002000  00000-0  15000-3 0  9996
2 90239  53.0000 124.4172 0000722   1.3214 154.0410 15.05032970786497
SHELL-A-90240
1 90240U 26240A   26255.00000000  .00002000  00000-0  15000-3 0  9990
2 90240  53.0000 123.3440 0000444 322.6530 167.6269 15.05038644153120
SHELL-A-90241
1 90241U 26241A   26255.00000000  .00002000  00000-0  15000-3 0  9992
2 90241  53.0000 123.3175 0000837 204.5269 182.3744 15.05371258944322
SHELL-A-90242
1 90242U 26242A   26255.00000000  .00002000  00000-0  15000-3 0  9994
2 90242  53.0000 124.4655 0000507 210.0216 196.6549 15.04919626509140
SHELL-A-90243
1 90243U 26243A   26255.00000000  .00002000  00000-0  15000-3 0  9996
2 90243  53.0000 125.3076 0000219 139.5031 209.8367 15.05496369940125
SHELL-A-90244
1 90244U 26244A   26255.00000000  .00002000  00000-0  15000-3 0  9998
2 90244  53.0000 124.0797 0000255 200.4605 224.2599 15.05698367866797
SHELL-A-90245
1 90245U 26245A   26255.00000000  .00002000  00000-0  15000-3 0  9990
2 90245  53.0000 124.9890 0000639 190.9430 237.0348 15.05740678963342
SHELL-A-90246
1 90246U 26246A   26255.00000000  .00002000  00000-0  15000-3 0  9992
2 90246  53.0000 126.0343 0000277 189.7116 250.2469 15.04779882218504
SHELL-A-90247
1 90247U 26247A   26255.00000000  .00002000  00000-0  15000-3 0  9994
2 90247  53.0000 125.4985 0000895 333.8961 266.2280 15.06069869933530
SHELL-A-90248
1 90248U 26248A   26255.00000000  .00002000  00000-0  15000-3 0  9996
2 90248  53.0000 124.3783 0000272 243.6927 279.7829 15.05885470186030
SHELL-A-90249
1 90249U 26249A   26255.00000000  .00002000  00000-0  15000-3 0  9998
2 90249  53.0000 125.1936 0000525  40.9742 294.0838 15.05185010615753
SHELL-A-90250
1 90250U 26250A   26255.00000000  .00002000  00000-0  15000-3 0  9992
2 90250  53.0000 123.3240 0000477 229.4569 308.1555 15.06105261665704
SHELL-A-90251
1 90251U 26251A   26255.00000000  .00002000  00000-0  15000-3 0  9994
2 90251  53.0000 125.7785 0000528 128.3153 319.3569 15.05111416287367
SHELL-A-90252
1 90252U 26252A   26255.00000000  .00002000  00000-0  15000-3 0  9996
2 90252  53.0000 123.3744 0000119 274.7799 333.5376 15.05417178533086
SHELL-A-90253
1 90253U 26253A   26255.00000000  .00002000  00000-0  15000-3 0  9998
2 90253  53.0000 124.6674 0000783 244.8464 347.5386 15.05879602500968
SHELL-A-90254
1 90254U 26254A   26255.00000000  .00002000  00000-0  15000-3 0  9990
2 90254  53.0000 123.3628 0000324 114.4126   2.9758 15.05459699748848
SHELL-A-90255
1 90255U 26255A   26255.00000000  .00002000  00000-0  15000-3 0  9992
2 90255  53.0000 124.7447 0000275  26.8850  16.9400 15.05949999985847
SHELL-A-90256
1 90256U 26256A   26255.00000000  .00002000  00000-0  15000-3 0  9994
2 90256  53.0000 124.3411 0000479 132.6657  28.6367 15.06116866  3069
SHELL-A-90257
1 90257U 26257A   26255.00000000  .00002000  00000-0  15000-3 0  9996
2 90257  53.0000 123.6091 0000541  47.4942  42.3221 15.04738100482989
SHELL-A-90258
1 90258U 26258A   26255.00000000  .00002000  00000-0  15000-3 0  9998
2 90258  53.0000 125.8665 0000505 258.2981  56.1160 15.05970758195238
SHELL-A-90259
1 90259U 26259A   26255.00000000  .00002000  00000-0  15000-3 0  9990
2 90259  53.0000 125.5142 0000761 248.3203  70.2090 15.04799381 99172
SHELL-A-90260
1 90260U 26260A   26255.00000000  .00002000  00000-0  15000-3 0  9994
2 90260  53.0000 124.8218 0000111 264.9447  85.8786 15.05153432659081
SHELL-A-90261
1 90261U 26261A   26255.00000000  .00002000  00000-0  15000-3 0  9996
2 90261  53.0000 138.9401 0000243  46.6692 109.0429 15.05125086449696
SHELL-A-90262
1 90262U 26262A   26255.00000000  .00002000  00000-0  15000-3 0  9998
2 90262  53.0000 139.4976 0000009 159.3976 124.6231 15.05166744559329
SHELL-A-90263
1 90263U 26263A   26255.00000000  .00002000  00000-0  15000-3 0  9990
2 90263  53.0000 137.5775 0000248 260.7620 139.1451 15.05007089316281
SHELL-A-90264
1 90264U 26264A   26255.00000000  .00002000  00000-0  15000-3 0  9992
2 90264  53.0000 138.3612 0000895  21.9009 152.6472 15.05728413431481
SHELL-A-90265
1 90265U 26265A   26255.00000000  .00002000  00000-0  15000-3 0  9994
2 90265  53.0000 137.0271 0000625 359.6083 164.0047 15.05443079111452
SHELL-A-90266
1 90266U 26266A   26255.00000000  .00002000  00000-0  15000-3 0  9996
2 90266  53.0000 137.7066 0000069 305.6231 179.3217 15.05246032978954
SHELL-A-90267
1 90267U 26267A   26255.00000000  .00002000  00000-0  15000-3 0  9998
2 90267  53.0000 137.9024 0000025  32.5503 192.0180 15.05194637756724
SHELL-A-90268
1 90268U 26268A   26255.00000000  .00002000  00000-0  15000-3 0  9990
2 90268  53.0000 139.2188 0000501  81.9453 206.5636 15.05818445191744
SHELL-A-90269
1 90269U 26269A   26255.00000000  .00002000  00000-0  15000-3 0  9992
2 90269  53.0000 137.1685 0000278 134.7309 221.2279 15.05958834884756
SHELL-A-90270
1 90270U 26270A   26255.00000000  .00002000  00000-0  15000-3 0  9996
2 90270  53.0000 137.4460 0000805  15.8364 235.6578 15.05160771 41951
SHELL-A-90271
1 90271U 26271A   26255.00000000  .00002000  00000-0  15000-3 0  9998
2 90271  53.0000 138.7789 0000346 157.5695 248.6535 15.05740268988481
SHELL-A-90272
1 90272U 26272A   26255.00000000  .00002000  00000-0  15000-3 0  9990
2 90272  53.0000 138.5453 0000667 228.5314 261.9628 15.05422801956656
SHELL-A-90273
1 90273U 26273A   26255.00000000  .00002000  00000-0  15000-3 0  9992
2 90273  53.0000 139.7175 0000759 110.4114 275.0475 15.04861829257274
SHELL-A-90274
1 90274U 26274A   26255.00000000  .00002000  00000-0  15000-3 0  9994
2 90274  53.0000 137.5769 0000291 137.2085 288.9643 15.05048872869933
SHELL-A-90275
1 90275U 26275A   26255.00000000  .00002000  00000-0  15000-3 0  9996
2 90275  53.0000 138.0916 0000301 293.4029 302.8535 15.05355530263508
SHELL-A-90276
1 90276U 26276A   26255.00000000  .00002000  00000-0  15000-3 0  9998
2 90276  53.0000 138.5708 0000354 178.1602 317.8098 15.04878559499520
SHELL-A-90277
1 90277U 26277A   26255.00000000  .00002000  00000-0  15000-3 0  9990
2 90277  53.0000 139.6235 0000106 183.8880 332.8401 15.05746308 52745
SHELL-A-90278
1 90278U 26278A   26255.00000000  .00002000  00000-0  15000-3 0  9992
2 90278  53.0000 139.7118 0000772 239.4062 344.1730 15.05704300287215
SHELL-A-90279
1 90279U 26279A   26255.00000000  .00002000  00000-0  15000-3 0  9994
2 90279  53.0000 138.6979 0000036 175.6881   0.5332 15.05067303816913
SHELL-A-90280
1 90280U 26280A   26255.00000000  .00002000  00000-0  15000-3 0  9998
2 90280  53.0000 137.0921 0000307  62.3365  12.5125 15.04901210919274
SHELL-A-90281
1 90281U 26281A   26255.00000000  .00002000  00000-0  15000-3 0  9990
2 90281  53.0000 137.2281 0000497  86.4415  26.4967 15.05101700415488
SHELL-A-90282
1 90282U 26282A   26255.00000000  .00002000  00000-0  15000-3 0  9992
2 90282  53.0000 137.1142 0000873 275.0721  40.5905 15.05697756890351
SHELL-A-90283
1 90283U 26283A   26255.00000000  .00002000  00000-0  15000-3 0  9994
2 90283  53.0000 137.2971 0000365 191.5076  55.8641 15.05174874351409
SHELL-A-90284
1 90284U 26284A   26255.00000000  .00002000  00000-0  15000-3 0  9996
2 90284  53.0000 139.9012 0000796 260.2696  68.5676 15.05414934197507
SHELL-A-90285
1 90285U 26285A   26255.00000000  .00002000  00000-0  15000-3 0  9998
2 90285  53.0000 137.1083 0000451 174.5666  81.1577 15.05017701138000
SHELL-A-90286
1 90286U 26286A   26255.00000000  .00002000  00000-0  15000-3 0  9990
2 90286  53.0000 139.3864 0000434  27.9764  95.3229 15.05386410788865
SHELL-A-90287
1 90287U 26287A   26255.00000000  .00002000  00000-0  15000-3 0  9992
2 90287  53.0000 152.7365 0000877  29.8149 120.5494 15.05753178594050
SHELL-A-90288
1 90288U 26288A   26255.00000000  .00002000  00000-0  15000-3 0  9994
2 90288  53.0000 151.2307 0000774 119.7622 134.1502 15.05126538149974
SHELL-A-90289
1 90289U 26289A   26255.00000000  .00002000  00000-0  15000-3 0  9996
2 90289  53.0000 152.3918 0000293  21.5031 149.8896 15.05642971949695
SHELL-A-90290
1 90290U 26290A   26255.00000000  .00002000  00000-0  15000-3 0  9990
2 90290  53.0000 153.6294 0000153 277.1933 161.0483 15.05668956397622
SHELL-A-90291
1 90291U 26291A   26255.00000000  .00002000  00000-0  15000-3 0  9992
2 90291  53.0000 152.1954 0000039 187.7531 177.6955 15.06167841843219
SHELL-A-90292
1 90292U 26292A   26255.00000000  .00002000  00000-0  15000-3 0  9994
2 90292  53.0000 151.0658 0000682 251.4044 189.3226 15.05267110 12770
SHELL-A-90293
1 90293U 26293A   26255.00000000  .00002000  00000-0  15000-3 0  9996
2 90293  53.0000 153.7321 0000512 309.1300 205.4177 15.05483751  5829
SHELL-A-90294
1 90294U 26294A   26255.00000000  .00002000  00000-0  15000-3 0  9998
2 90294  53.0000 151.4942 0000410 145.4113 218.7039 15.05390978494413
SHELL-A-90295
1 90295U 26295A   26255.00000000  .00002000  00000-0  15000-3 0  9990
2 90295  53.0000 151.5427 0000187 236.7323 230.2809 15.05249626866477
SHELL-A-90296
1 90296U 26296A   26255.00000000  .00002000  00000-0  15000-3 0  9992
2 90296  53.0000 150.9867 0000864 161.6791 246.7732 15.05039061 93486
SHELL-A-90297
1 90297U 26297A   26255.00000000  .00002000  00000-0  15000-3 0  9994
2 90297  53.0000 150.9346 0000511  82.2037 259.0829 15.05520650585916
SHELL-A-90298
1 90298U 26298A   26255.00000000  .00002000  00000-0  15000-3 0  9996
2 90298  53.0000 152.2181 0000172 232.0985 272.8518 15.06128116860465
SHELL-A-90299
1 90299U 26299A   26255.00000000  .00002000  00000-0  15000-3 0  9998
2 90299  53.0000 152.8087 0000853 354.6944 286.3937 15.05826517919413
SHELL-A-90300
1 90300U 26300A   26255.00000000  .00002000  00000-0  15000-3 0  9994
2 90300  53.0000 153.0291 0000471 291.0071 302.2882 15.05559981708676
SHELL-A-90301
1 90301U 26301A   26255.00000000  .00002000  00000-0  15000-3 0  9996
2 90301  53.0000 153.7825 0000592 124.6258 315.7751 15.04898757790276
SHELL-A-90302
1 90302U 26302A   26255.00000000  .00002000  00000-0  15000-3 0  9998
2 90302  53.0000 153.5612 0000527 125.2961 327.5584 15.05805185983256
SHELL-A-90303
1 90303U 26303A   26255.00000000  .00002000  00000-0  15000-3 0  9990
2 90303  53.0000 151.8631 0000450 316.0532 343.5743 15.05481353699489
SHELL-A-90304
1 90304U 26304A   26255.00000000  .00002000  00000-0  15000-3 0  9992
2 90304  53.0000 153.0611 0000262 285.6164 357.0574 15.04795471618385
SHELL-A-90305
1 90305U 26305A   26255.00000000  .00002000  00000-0  15000-3 0  9994
2 90305  53.0000 151.7058 0000325  60.5238  11.5349 15.05506698915933
SHELL-A-90306
1 90306U 26306A   26255.00000000  .00002000  00000-0  15000-3 0  9996
2 90306  53.0000 153.3463 0000534 169.5108  24.7214 15.05903626878117
SHELL-A-90307
1 90307U 26307A   26255.00000000  .00002000  00000-0  15000-3 0  9998
2 90307  53.0000 153.7629 0000305 148.7650  37.4689 15.06144386931920
SHELL-A-90308
1 90308U 26308A   26255.00000000  .00002000  00000-0  15000-3 0  9990
2 90308  53.0000 150.9688 0000458 111.1395  51.2354 15.05240469944783
SHELL-A-90309
1 90309U 26309A   26255.00000000  .00002000  00000-0  15000-3 0  9992
2 90309  53.0000 153.1758 0000722 121.2936  66.9130 15.05076953570048
SHELL-A-90310
1 90310U 26310A   26255.00000000  .00002000  00000-0  15000-3 0  9996
2 90310  53.0000 151.6573 0000158  65.1017  79.8808 15.05822407642517
SHELL-A-90311
1 90311U 26311A   26255.00000000  .00002000  00000-0  15000-3 0  9998
2 90311  53.0000 153.7336 0000727  39.8164  93.9208 15.05209890 31957
SHELL-A-90312
1 90312U 26312A   26255.00000000  .00002000  00000-0  15000-3 0  9990
2 90312  53.0000 153.3219 0000152 170.9719 106.6319 15.05775518239410
SHELL-A-90313
1 90313U 26313A   26255.00000000  .00002000  00000-0  15000-3 0  9992
2 90313  53.0000 164.8415 0000439 341.5727 130.8528 15.06182124545652
SHELL-A-90314
1 90314U 26314A   26255.00000000  .00002000  00000-0  15000-3 0  9994
2 90314  53.0000 165.1763 0000647 296.9443 144.7295 15.05173416223686
SHELL-A-90315
1 90315U 26315A   26255.00000000  .00002000  00000-0  15000-3 0  9996
2 90315  53.0000 165.3178 0000880 142.0630 160.9945 15.05991324851165
SHELL-A-90316
1 90316U 26316A   26255.00000000  .00002000  00000-0  15000-3 0  9998
2 90316  53.0000 166.3946 0000715 331.9299 174.8391 15.04890983792034
SHELL-A-90317
1 90317U 26317A   26255.00000000  .00002000  00000-0  15000-3 0  9990
2 90317  53.0000 167.1196 0000743 170.3410 188.5533 15.05299390124150
SHELL-A-90318
1 90318U 26318A   26255.00000000  .00002000  00000-0  15000-3 0  9992
2 90318  53.0000 165.9389 0000877 304.1314 201.5910 15.05671783618714
SHELL-A-90319
1 90319U 26319A   26255.00000000  .00002000  00000-0  15000-3 0  9994
2 90319  53.0000 165.0431 0000612 348.3082 214.5510 15.05921534705374
SHELL-A-90320
1 90320U 26320A   26255.00000000  .00002000  00000-0  15000-3 0  9998
2 90320  53.0000 166.5816 0000789 286.2052 229.0743 15.05367299401296
SHELL-A-90321
1 90321U 26321A   26255.00000000  .00002000  00000-0  15000-3 0  9990
2 90321  53.0000 165.0362 0000179 178.3116 242.9613 15.05065783505368
SHELL-A-90322
1 90322U 26322A   26255.00000000  .00002000  00000-0  15000-3 0  9992
2 90322  53.0000 166.4078 0000718 309.4910 255.7799 15.04819180603897
SHELL-A-90323
1 90323U 26323A   26255.00000000  .00002000  00000-0  15000-3 0  9994
2 90323  53.0000 166.1554 0000288 145.2359 270.3661 15.05913887383794
SHELL-A-90324
1 90324U 26324A   26255.00000000  .00002000  00000-0  15000-3 0  9996
2 90324  53.0000 165.2698 0000533  58.5466 283.1897 15.05202183639968
SHELL-A-90325
1 90325U 26325A   26255.00000000  .00002000  00000-0  15000-3 0  9998
2 90325  53.0000 167.4609 0000861 265.3445 299.0103 15.05146029886599
SHELL-A-90326
1 90326U 26326A   26255.00000000  .00002000  00000-0  15000-3 0  9990
2 90326  53.0000 166.2996 0000769 109.8639 312.0891 15.05558101147880
SHELL-A-90327
1 90327U 26327A   26255.00000000  .00002000  00000-0  15000-3 0  9992
2 90327  53.0000 164.7474 0000577  38.5757 326.6950 15.05922744252423
SHELL-A-90328
1 90328U 26328A   26255.00000000  .00002000  00000-0  15000-3 0  9994
2 90328  53.0000 165.0948 0000652 316.7992 339.1328 15.06045359119946
SHELL-A-90329
1 90329U 26329A   26255.00000000  .00002000  00000-0  15000-3 0  9996
2 90329  53.0000 166.0084 0000773  53.9044 353.0669 15.05294613 75055
SHELL-A-90330
1 90330U 26330A   26255.00000000  .00002000  00000-0  15000-3 0  9990
2 90330  53.0000 165.0095 0000433 218.4582   6.4839 15.05485171773274
SHELL-A-90331
1 90331U 26331A   26255.00000000  .00002000  00000-0  15000-3 0  9992
2 90331  53.0000 165.8359 0000549 101.8302  20.2571 15.06173343506636
SHELL-A-90332
1 90332U 26332A   26255.00000000  .00002000  00000-0  15000-3 0  9994
2 90332  53.0000 165.3717 0000414  84.9437  35.5717 15.04750499170696
SHELL-A-90333
1 90333U 26333A   26255.00000000  .00002000  00000-0  15000-3 0  9996
2 90333  53.0000 166.6618 0000392 123.0197  50.2977 15.05855690867611
SHELL-A-90334
1 90334U 26334A   26255.00000000  .00002000  00000-0  15000-3 0  9998
2 90334  53.0000 167.0284 0000066 240.4285  62.7433 15.06053833673335
SHELL-A-90335
1 90335U 26335A   26255.00000000  .00002000  00000-0  15000-3 0  9990
2 90335  53.0000 166.7074 0000796  38.0923  77.9797 15.05264739254210
SHELL-A-90336
1 90336U 26336A   26255.00000000  .00002000  00000-0  15000-3 0  9992
2 90336  53.0000 165.2193 0000041 325.8365  89.6211 15.05373481538038
SHELL-A-90337
1 90337U 26337A   26255.00000000  .00002000  00000-0  15000-3 0  9994
2 90337  53.0000 166.7323 0000209 347.8412 104.1378 15.06011141450014
SHELL-A-90338
1 90338U 26338A   26255.00000000  .00002000  00000-0  15000-3 0  9996
2 90338  53.0000 167.2260 0000272 120.9623 117.6494 15.04906833818885
SHELL-A-90339
1 90339U 26339A   26255.00000000  .00002000  00000-0  15000-3 0  9998
2 90339  53.0000 180.5385 0000583 315.9531 143.9934 15.05486622650673
SHELL-A-90340
1 90340U 26340A   26255.00000000  .00002000  00000-0  15000-3 0  9992
2 90340  53.0000 179.3889 0000333   2.2644 157.0993 15.05080280355004
SHELL-A-90341
1 90341U 26341A   26255.00000000  .00002000  00000-0  15000-3 0  9994
2 90341  53.0000 179.0634 0000100 148.7065 172.1922 15.06165441165895
SHELL-A-90342
1 90342U 26342A   26255.00000000  .00002000  00000-0  15000-3 0  9996
2 90342  53.0000 179.6352 0000453 337.2374 183.8595 15.04946680461296
SHELL-A-90343
1 90343U 26343A   26255.00000000  .00002000  00000-0  15000-3 0  9998
2 90343  53.0000 178.6160 0000745 127.1475 197.8668 15.05424648 45161
SHELL-A-90344
1 90344U 26344A   26255.00000000  .00002000  00000-0  15000-3 0  9990
2 90344  53.0000 181.1868 0000412 184.9170 212.0149 15.05390301608606
SHELL-A-90345
1 90345U 26345A   26255.00000000  .00002000  00000-0  15000-3 0  9992
2 90345  53.0000 180.5871 0000149 227.2145 227.1061 15.05609307947834
SHELL-A-90346
1 90346U 26346A   26255.00000000  .00002000  00000-0  15000-3 0  9994
2 90346  53.0000 180.7938 0000177  91.5196 240.8807 15.05956116754659
SHELL-A-90347
1 90347U 26347A   26255.00000000  .00002000  00000-0  15000-3 0  9996
2 90347  53.0000 180.0134 0000426 222.8896 253.2080 15.06043814762679
SHELL-A-90348
1 90348U 26348A   26255.00000000  .00002000  00000-0  15000-3 0  9998
2 90348  53.0000 179.6148 0000692  75.3796 267.2526 15.05687868466060
SHELL-A-90349
1 90349U 26349A   26255.00000000  .00002000  00000-0  15000-3 0  9990
2 90349  53.0000 179.0399 0000794 272.2962 281.1438 15.05817364360672
SHELL-A-90350
1 90350U 26350A   26255.00000000  .00002000  00000-0  15000-3 0  9994
2 90350  53.0000 179.7495 0000773  66.2866 295.0455 15.04781793 82577
SHELL-A-90351
1 90351U 26351A   26255.00000000  .00002000  00000-0  15000-3 0  9996
2 90351  53.0000 179.0679 0000727 108.7564 310.2998 15.05578981969313
SHELL-A-90352
1 90352U 26352A   26255.00000000  .00002000  00000-0  15000-3 0  9998
2 90352  53.0000 181.4616 0000649 227.8462 324.2912 15.05221156664744
SHELL-A-90353
1 90353U 26353A   26255.00000000  .00002000  00000-0  15000-3 0  9990
2 90353  53.0000 179.0555 0000645 127.5405 336.8177 15.05839593691044
SHELL-A-90354
1 90354U 26354A   26255.00000000  .00002000  00000-0  15000-3 0  9992
2 90354  53.0000 178.7195 0000747  42.3285 351.3426 15.06186524387731
SHELL-A-90355
1 90355U 26355A   26255.00000000  .00002000  00000-0  15000-3 0  9994
2 90355  53.0000 179.6710 0000812 149.7846   5.6907 15.05189120647458
SHELL-A-90356
1 90356U 26356A   26255.00000000  .00002000  00000-0  15000-3 0  9996
2 90356  53.0000 179.1286 0000183  53.5924  19.1401 15.05952520590113
SHELL-A-90357
1 90357U 26357A   26255.00000000  .00002000  00000-0  15000-3 0  9998
2 90357  53.0000 179.6634 0000152 105.2782  33.5009 15.05161919  9415
SHELL-A-90358
1 90358U 26358A   26255.00000000  .00002000  00000-0  15000-3 0  9990
2 90358  53.0000 178.9945 0000300 233.4280  44.6079 15.05947724681978
SHELL-A-90359
1 90359U 26359A   26255.00000000  .00002000  00000-0  15000-3 0  9992
2 90359  53.0000 180.7309 0000565 192.6270  61.2937 15.05415651887034
SHELL-A-90360
1 90360U 26360A   26255.00000000  .00002000  00000-0  15000-3 0  9996
2 90360  53.0000 180.2408 0000109 357.5428  73.6293 15.05960314257957
SHELL-A-90361
1 90361U 26361A   26255.00000000  .00002000  00000-0  15000-3 0  9998
2 90361  53.0000 179.4427 0000476  18.4719  88.4228 15.05987956679559
SHELL-A-90362
1 90362U 26362A   26255.00000000  .00002000  00000-0  15000-3 0  9990
2 90362  53.0000 181.4857 0000873  22.8500 100.9307 15.05312429813733
SHELL-A-90363
1 90363U 26363A   26255.00000000  .00002000  00000-0  15000-3 0  9992
2 90363  53.0000 180.3817 0000859 221.5018 116.4453 15.05299266483161
SHELL-A-90364
1 90364U 26364A   26255.00000000  .00002000  00000-0  15000-3 0  9994
2 90364  53.0000 181.0602 0000199  27.7553 130.4735 15.05664034270587
SHELL-A-90365
1 90365U 26365A   26255.00000000  .00002000  00000-0  15000-3 0  9996
2 90365  53.0000 194.9395 0000448 298.5405 152.9312 15.05700232147798
SHELL-A-90366
1 90366U 26366A   26255.00000000  .00002000  00000-0  15000-3 0  9998
2 90366  53.0000 194.8310 0000492 174.6856 168.4241 15.06158001434815
SHELL-A-90367
1 90367U 26367A   26255.00000000  .00002000  00000-0  15000-3 0  9990
2 90367  53.0000 192.3914 0000308 290.6645 181.3574 15.05527814 61045
SHELL-A-90368
1 90368U 26368A   26255.00000000  .00002000  00000-0  15000-3 0  9992
2 90368  53.0000 192.6657 0000233  62.4429 195.4447 15.05999948775492
SHELL-A-90369
1 90369U 26369A   26255.00000000  .00002000  00000-0  15000-3 0  9994
2 90369  53.0000 193.1306 0000149 323.6525 209.8558 15.06144923 41434
SHELL-A-90370
1 90370U 26370A   26255.00000000  .00002000  00000-0  15000-3 0  9998
2 90370  53.0000 194.9061 0000480 292.5541 222.2693 15.05600908833430
SHELL-A-90371
1 90371U 26371A   26255.00000000  .00002000  00000-0  15000-3 0  9990
2 90371  53.0000 192.4814 0000757  73.2825 237.9589 15.05408323776234
SHELL-A-90372
1 90372U 26372A   26255.00000000  .00002000  00000-0  15000-3 0  9992
2 90372  53.0000 195.2952 0000400 267.1650 250.0497 15.04982370 25930
SHELL-A-90373
1 90373U 26373A   26255.00000000  .00002000  00000-0  15000-3 0  9994
2 90373  53.0000 194.4077 0000369 326.0911 264.1789 15.05142396212822
SHELL-A-90374
1 90374U 26374A   26255.00000000  .00002000  00000-0  15000-3 0  9996
2 90374  53.0000 195.2634 0000157  94.6308 278.1730 15.05382446 84981
SHELL-A-90375
1 90375U 26375A   26255.00000000  .00002000  00000-0  15000-3 0  9998
2 90375  53.0000 194.5186 0000049 277.0836 293.0411 15.05680948801571
SHELL-A-90376
1 90376U 26376A   26255.00000000  .00002000  00000-0  15000-3 0  9990
2 90376  53.0000 194.9716 0000407 230.2322 306.5595 15.06236520289403
SHELL-A-90377
1 90377U 26377A   26255.00000000  .00002000  00000-0  15000-3 0  9992
2 90377  53.0000 192.6748 0000614 203.3523 319.3422 15.05554324 93147
SHELL-A-90378
1 90378U 26378A   26255.00000000  .00002000  00000-0  15000-3 0  9994
2 90378  53.0000 193.1611 0000406 224.3801 333.3912 15.05572080145646
SHELL-A-90379
1 90379U 26379A   26255.00000000  .00002000  00000-0  15000-3 0  9996
2 90379  53.0000 194.2819 0000585 353.4117 346.4856 15.05747233904886
SHELL-A-90380
1 90380U 26380A   26255.00000000  .00002000  00000-0  15000-3 0  9990
2 90380  53.0000 192.4335 0000848 114.4438   2.4070 15.05490591833468
SHELL-A-90381
1 90381U 26381A   26255.00000000  .00002000  00000-0  15000-3 0  9992
2 90381  53.0000 193.3418 0000322 107.2723  16.2586 15.04985072660527
SHELL-A-90382
1 90382U 26382A   26255.00000000  .00002000  00000-0  15000-3 0  9994
2 90382  53.0000 194.2448 0000808  53.5446  29.8368 15.05860724683569
SHELL-A-90383
1 90383U 26383A   26255.00000000  .00002000  00000-0  15000-3 0  9996
2 90383  53.0000 193.1413 0000374 231.3686  42.6329 15.04897938998611
SHELL-A-90384
1 90384U 26384A   26255.00000000  .00002000  00000-0  15000-3 0  9998
2 90384  53.0000 194.8661 0000437 161.0456  57.8168 15.05498747201767
SHELL-A-90385
1 90385U 26385A   26255.00000000  .00002000  00000-0  15000-3 0  9990
2 90385  53.0000 194.4913 0000631 242.7310  71.3197 15.04937295218223
SHELL-A-90386
1 90386U 26386A   26255.00000000  .00002000  00000-0  15000-3 0  9992
2 90386  53.0000 192.5182 0000046  71.4185  86.0248 15.05364668557111
SHELL-A-90387
1 90387U 26387A   26255.00000000  .00002000  00000-0  15000-3 0  9994
2 90387  53.0000 193.1642 0000060 298.3199  97.3457 15.05505589900445
SHELL-A-90388
1 90388U 26388A   26255.00000000  .00002000  00000-0  15000-3 0  9996
2 90388  53.0000 193.2924 0000203   3.6721 112.2216 15.05927162538641
SHELL-A-90389
1 90389U 26389A   26255.00000000  .00002000  00000-0  15000-3 0  9998
2 90389  53.0000 194.2274 0000163 149.3277 126.3279 15.05501473286187
SHELL-A-90390
1 90390U 26390A   26255.00000000  .00002000  00000-0  15000-3 0  9992
2 90390  53.0000 192.4930 0000307 343.4972 141.2802 15.06020692877507
SHELL-A-90391
1 90391U 26391A   26255.00000000  .00002000  00000-0  15000-3 0  9994
2 90391  53.0000 207.1008 0000204  76.9649 163.5296 15.05269347340075
SHELL-A-90392
1 90392U 26392A   26255.00000000  .00002000  00000-0  15000-3 0  9996
2 90392  53.0000 208.5103 0000704 329.6290 178.9189 15.05444244236562
SHELL-A-90393
1 90393U 26393A   26255.00000000  .00002000  00000-0  15000-3 0  9998
2 90393  53.0000 208.2578 0000899 299.6219 191.2020 15.04902641922145
SHELL-A-90394
1 90394U 26394A   26255.00000000  .00002000  00000-0  15000-3 0  9990
2 90394  53.0000 208.7484 0000832  41.0199 206.0660 15.05824089976065
SHELL-A-90395
1 90395U 26395A   26255.00000000  .00002000  00000-0  15000-3 0  9992
2 90395  53.0000 208.9842 0000332  15.1651 221.8027 15.04971780905992
SHELL-A-90396
1 90396U 26396A   26255.00000000  .00002000  00000-0  15000-3 0  9994
2 90396  53.0000 206.8764 0000283  46.9388 234.4098 15.05063361485581
SHELL-A-90397
1 90397U 26397A   26255.00000000  .00002000  00000-0  15000-3 0  9996
2 90397  53.0000 208.4664 0000449  79.9170 246.6685 15.04914840424269
SHELL-A-90398
1 90398U 26398A   26255.00000000  .00002000  00000-0  15000-3 0  9998
2 90398  53.0000 207.0576 0000194 115.0071 261.5202 15.05122787280900
SHELL-A-90399
1 90399U 26399A   26255.00000000  .00002000  00000-0  15000-3 0  9990
2 90399  53.0000 207.6349 0000471  66.8844 274.6125 15.05447711605596
SHELL-A-90400
1 90400U 26400A   26255.00000000  .00002000  00000-0  15000-3 0  9996
2 90400  53.0000 207.4814 0000509 225.1963 289.6074 15.04903283329860
SHELL-A-90401
1 90401U 26401A   26255.00000000  .00002000  00000-0  15000-3 0  9998
2 90401  53.0000 206.2478 0000137  13.8396 304.0807 15.05037421595137
SHELL-A-90402
1 90402U 26402A   26255.00000000  .00002000  00000-0  15000-3 0  9990
2 90402  53.0000 208.6233 0000515 253.0969 318.1814 15.06189466 65287
SHELL-A-90403
1 90403U 26403A   26255.00000000  .00002000  00000-0  15000-3 0  9992
2 90403  53.0000 206.2588 0000470 250.7603 332.2334 15.05655671465276
SHELL-A-90404
1 90404U 26404A   26255.00000000  .00002000  00000-0  15000-3 0  9994
2 90404  53.0000 207.5178 0000416  16.6316 345.3971 15.05625774438853
SHELL-A-90405
1 90405U 26405A   26255.00000000  .00002000  00000-0  15000-3 0  9996
2 90405  53.0000 206.7927 0000638 129.7592 357.9901 15.06202729795462
SHELL-A-90406
1 90406U 26406A   26255.00000000  .00002000  00000-0  15000-3 0  9998
2 90406  53.0000 206.8241 0000476 229.4326  11.2143 15.06029483615290
SHELL-A-90407
1 90407U 26407A   26255.00000000  .00002000  00000-0  15000-3 0  9990
2 90407  53.0000 206.3796 0000293  78.5784  25.3814 15.04972581376300
SHELL-A-90408
1 90408U 26408A   26255.00000000  .00002000  00000-0  15000-3 0  9992
2 90408  53.0000 208.4395 0000665 245.6081  40.4309 15.05757062863639
SHELL-A-90409
1 90409U 26409A   26255.00000000  .00002000  00000-0  15000-3 0  9994
2 90409  53.0000 208.5963 0000867 172.3227  55.6723 15.05081343283236
SHELL-A-90410
1 90410U 26410A   26255.00000000  .00002000  00000-0  15000-3 0  9998
2 90410  53.0000 209.1323 0000879 316.3050  67.4714 15.06110531 17747
SHELL-A-90411
1 90411U 26411A   26255.00000000  .00002000  00000-0  15000-3 0  9990
2 90411  53.0000 208.3962 0000610 251.4879  81.3510 15.05338109981199
SHELL-A-90412
1 90412U 26412A   26255.00000000  .00002000  00000-0  15000-3 0  9992
2 90412  53.0000 206.5180 0000819 233.5347  94.5498 15.05068691647482
SHELL-A-90413
1 90413U 26413A   26255.00000000  .00002000  00000-0  15000-3 0  9994
2 90413  53.0000 206.8104 0000785 102.1901 110.0988 15.05877102320460
SHELL-A-90414
1 90414U 26414A   26255.00000000  .00002000  00000-0  15000-3 0  9996
2 90414  53.0000 208.1250 0000067 336.2361 122.8939 15.05859200218597
SHELL-A-90415
1 90415U 26415A   26255.00000000  .00002000  00000-0  15000-3 0  9998
2 90415  53.0000 206.9082 0000876 206.4488 136.8498 15.05906884 88921
SHELL-A-90416
1 90416U 26416A   26255.00000000  .00002000  00000-0  15000-3 0  9990
2 90416  53.0000 207.2240 0000025 152.7822 152.6350 15.05373014622462
SHELL-A-90417
1 90417U 26417A   26255.00000000  .00002000  00000-0  15000-3 0  9992
2 90417  53.0000 222.9581 0000105  94.1330 175.9005 15.05993931651392
SHELL-A-90418
1 90418U 26418A   26255.00000000  .00002000  00000-0  15000-3 0  9994
2 90418  53.0000 222.0884 0000172  82.2622 189.4742 15.04838132169219
SHELL-A-90419
1 90419U 26419A   26255.00000000  .00002000  00000-0  15000-3 0  9996
2 90419  53.0000 222.0203 0000610 346.4153 204.6044 15.05128960752570
SHELL-A-90420
1 90420U 26420A   26255.00000000  .00002000  00000-0  15000-3 0  9990
2 90420  53.0000 221.7799 0000637  43.8162 216.9846 15.05155701826947
SHELL-A-90421
1 90421U 26421A   26255.00000000  .00002000  00000-0  15000-3 0  9992
2 90421  53.0000 221.7548 0000478 188.2625 230.1272 15.05895466432191
SHELL-A-90422
1 90422U 26422A   26255.00000000  .00002000  00000-0  15000-3 0  9994
2 90422  53.0000 222.0940 0000442 292.7693 246.4583 15.05221690 40506
SHELL-A-90423
1 90423U 26423A   26255.00000000  .00002000  00000-0  15000-3 0  9996
2 90423  53.0000 221.2231 0000238 335.4668 259.4884 15.05836230270225
SHELL-A-90424
1 90424U 26424A   26255.00000000  .00002000  00000-0  15000-3 0  9998
2 90424  53.0000 222.5831 0000234  64.2900 273.2264 15.06022135624825
SHELL-A-90425
1 90425U 26425A   26255.00000000  .00002000  00000-0  15000-3 0  9990
2 90425  53.0000 220.5780 0000439 277.4378 286.1385 15.05131828889482
SHELL-A-90426
1 90426U 26426A   26255.00000000  .00002000  00000-0  15000-3 0  9992
2 90426  53.0000 222.8607 0000796 271.0994 302.0560 15.05443854179228
SHELL-A-90427
1 90427U 26427A   26255.00000000  .00002000  00000-0  15000-3 0  9994
2 90427  53.0000 220.0408 0000546 261.7114 315.7369 15.05373617445752
SHELL-A-90428
1 90428U 26428A   26255.00000000  .00002000  00000-0  15000-3 0  9996
2 90428  53.0000 222.4776 0000114 180.0895 329.2348 15.05356627835221
SHELL-A-90429
1 90429U 26429A   26255.00000000  .00002000  00000-0  15000-3 0  9998
2 90429  53.0000 220.2598 0000588 128.5727 340.6586 15.06140318941033
SHELL-A-90430
1 90430U 26430A   26255.00000000  .00002000  00000-0  15000-3 0  9992
2 90430  53.0000 220.7655 0000672 182.7503 356.2252 15.04936602763168
SHELL-A-90431
1 90431U 26431A   26255.00000000  .00002000  00000-0  15000-3 0  9994
2 90431  53.0000 221.4795 0000750 320.0058   8.4323 15.05077692652776
SHELL-A-90432
1 90432U 26432A   26255.00000000  .00002000  00000-0  15000-3 0  9996
2 90432  53.0000 222.7509 0000170  39.7894  22.2442 15.05612139472982
SHELL-A-90433
1 90433U 26433A   26255.00000000  .00002000  00000-0  15000-3 0  9998
2 90433  53.0000 222.5576 0000740  18.0240  38.2990 15.05913611140035
SHELL-A-90434
1 90434U 26434A   26255.00000000  .00002000  00000-0  15000-3 0  9990
2 90434  53.0000 220.2970 0000412 229.4793  52.5235 15.05793956749827
SHELL-A-90435
1 90435U 26435A   26255.00000000  .00002000  00000-0  15000-3 0  9992
2 90435  53.0000 220.9121 0000732 352.3402  65.2494 15.06125060915033
SHELL-A-90436
1 90436U 26436A   26255.00000000  .00002000  00000-0  15000-3 0  9994
2 90436  53.0000 221.1621 0000370  64.9841  79.6234 15.04800497 78261
SHELL-A-90437
1 90437U 26437A   26255.00000000  .00002000  00000-0  15000-3 0  9996
2 90437  53.0000 220.4111 0000805  53.2222  91.4642 15.05103956267357
SHELL-A-90438
1 90438U 26438A   26255.00000000  .00002000  00000-0  15000-3 0  9998
2 90438  53.0000 220.6415 0000371 178.0230 107.7633 15.05364418889005
SHELL-A-90439
1 90439U 26439A   26255.00000000  .00002000  00000-0  15000-3 0  9990
2 90439  53.0000 220.1238 0000354 124.3099 120.2175 15.05625236717911
SHELL-A-90440
1 90440U 26440A   26255.00000000  .00002000  00000-0  15000-3 0  9994
2 90440  53.0000 220.8330 0000488 168.3956 133.8041 15.04759736965572
SHELL-A-90441
1 90441U 26441A   26255.00000000  .00002000  00000-0  15000-3 0  9996
2 90441  53.0000 220.7230 0000570  22.7478 148.0747 15.04787894611312
SHELL-A-90442
1 90442U 26442A   26255.00000000  .00002000  00000-0  15000-3 0  9998
2 90442  53.0000 221.7640 0000160 108.2680 161.6310 15.05018710840821
SHELL-A-90443
1 90443U 26443A   26255.00000000  .00002000  00000-0  15000-3 0  9990
2 90443  53.0000 234.7660 0000432 101.1438 185.7012 15.05195201174875
SHELL-A-90444
1 90444U 26444A   26255.00000000  .00002000  00000-0  15000-3 0  9992
2 90444  53.0000 235.8888 0000193 174.0709 200.4225 15.05739144754521
SHELL-A-90445
1 90445U 26445A   26255.00000000  .00002000  00000-0  15000-3 0  9994
2 90445  53.0000 236.1447 0000862  36.4285 216.1900 15.05803869283381
SHELL-A-90446
1 90446U 26446A   26255.00000000  .00002000  00000-0  15000-3 0  9996
2 90446  53.0000 234.5301 0000051 114.5787 227.8968 15.05797640141226
SHELL-A-90447
1 90447U 26447A   26255.00000000  .00002000  00000-0  15000-3 0  9998
2 90447  53.0000 235.0302 0000597 148.7396 242.1896 15.04757392303021
SHELL-A-90448
1 90448U 26448A   26255.00000000  .00002000  00000-0  15000-3 0  9990
2 90448  53.0000 236.4112 0000774 142.5205 254.7393 15.06150929633509
SHELL-A-90449
1 90449U 26449A   26255.00000000  .00002000  00000-0  15000-3 0  9992
2 90449  53.0000 235.5810 0000673  88.7350 269.7916 15.05573445777018
SHELL-A-90450
1 90450U 26450A   26255.00000000  .00002000  00000-0  15000-3 0  9996
2 90450  53.0000 235.4724 0000559 185.0575 282.6968 15.05554286270837
SHELL-A-90451
1 90451U 26451A   26255.00000000  .00002000  00000-0  15000-3 0  9998
2 90451  53.0000 236.0190 0000751 333.1827 297.1399 15.06059311119260
SHELL-A-90452
1 90452U 26452A   26255.00000000  .00002000  00000-0  15000-3 0  9990
2 90452  53.0000 233.9407 0000228 178.1493 310.7024 15.05036815 67782
SHELL-A-90453
1 90453U 26453A   26255.00000000  .00002000  00000-0  15000-3 0  9992
2 90453  53.0000 234.4724 0000793 184.7834 325.5928 15.05151664722516
SHELL-A-90454
1 90454U 26454A   26255.00000000  .00002000  00000-0  15000-3 0  9994
2 90454  53.0000 235.7745 0000489 232.7119 338.6307 15.05249729496475
SHELL-A-90455
1 90455U 26455A   26255.00000000  .00002000  00000-0  15000-3 0  9996
2 90455  53.0000 235.9086 0000363 352.0647 352.0931 15.04873939998867
SHELL-A-90456
1 90456U 26456A   26255.00000000  .00002000  00000-0  15000-3 0  9998
2 90456  53.0000 235.8124 0000351 226.4380   7.7839 15.05662171862579
SHELL-A-90457
1 90457U 26457A   26255.00000000  .00002000  00000-0  15000-3 0  9990
2 90457  53.0000 234.6032 0000458 331.7730  20.2981 15.06026095693730
SHELL-A-90458
1 90458U 26458A   26255.00000000  .00002000  00000-0  15000-3 0  9992
2 90458  53.0000 236.1285 0000262 283.2489  35.9145 15.06061274563147
SHELL-A-90459
1 90459U 26459A   26255.00000000  .00002000  00000-0  15000-3 0  9994
2 90459  53.0000 233.9228 0000366 258.7761  48.3315 15.06075301190403
SHELL-A-90460
1 90460U 26460A   26255.00000000  .00002000  00000-0  15000-3 0  9998
2 90460  53.0000 234.2551 0000728 204.8232  62.5604 15.06141775953792
SHELL-A-90461
1 90461U 26461A   26255.00000000  .00002000  00000-0  15000-3 0  9990
2 90461  53.0000 236.8486 0000149 305.8762  75.4222 15.06226824854388
SHELL-A-90462
1 90462U 26462A   26255.00000000  .00002000  00000-0  15000-3 0  9992
2 90462  53.0000 233.9381 0000428 111.6243  91.2591 15.05422972 58942
SHELL-A-90463
1 90463U 26463A   26255.00000000  .00002000  00000-0  15000-3 0  9994
2 90463  53.0000 234.3583 0000724 168.3337 104.3221 15.06034884231361
SHELL-A-90464
1 90464U 26464A   26255.00000000  .00002000  00000-0  15000-3 0  9996
2 90464  53.0000 234.3578 0000603 143.7304 118.4789 15.05086119198075
SHELL-A-90465
1 90465U 26465A   26255.00000000  .00002000  00000-0  15000-3 0  9998
2 90465  53.0000 234.7964 0000830 358.6358 130.4755 15.04778406446245
SHELL-A-90466
1 90466U 26466A   26255.00000000  .00002000  00000-0  15000-3 0  9990
2 90466  53.0000 236.4249 0000816 258.9659 145.5409 15.06138332  3074
SHELL-A-90467
1 90467U 26467A   26255.00000000  .00002000  00000-0  15000-3 0  9992
2 90467  53.0000 234.3040 0000390 312.4080 158.5955 15.05875876401298
SHELL-A-90468
1 90468U 26468A   26255.00000000  .00002000  00000-0  15000-3 0  9994
2 90468  53.0000 234.4025 0000631 172.0126 174.2515 15.04825969889588
SHELL-A-90469
1 90469U 26469A   26255.00000000  .00002000  00000-0  15000-3 0  9996
2 90469  53.0000 249.4881 0000223 357.0919 198.7641 15.05808505 86541
SHELL-A-90470
1 90470U 26470A   26255.00000000  .00002000  00000-0  15000-3 0  9990
2 90470  53.0000 249.7863 0000144 341.4110 213.2454 15.05041777609577
SHELL-A-90471
1 90471U 26471A   26255.00000000  .00002000  00000-0  15000-3 0  9992
2 90471  53.0000 248.3447 0000781 106.2827 226.4137 15.05240391280213
SHELL-A-90472
1 90472U 26472A   26255.00000000  .00002000  00000-0  15000-3 0  9994
2 90472  53.0000 249.7834 0000339 224.0413 240.7849 15.04931150529346
SHELL-A-90473
1 90473U 26473A   26255.00000000  .00002000  00000-0  15000-3 0  9996
2 90473  53.0000 249.2684 0000650 238.3064 253.5477 15.05890784393437
SHELL-A-90474
1 90474U 26474A   26255.00000000  .00002000  00000-0  15000-3 0  9998
2 90474  53.0000 249.5140 0000415 260.5505 266.4573 15.05619559904723
SHELL-A-90475
1 90475U 26475A   26255.00000000  .00002000  00000-0  15000-3 0  9990
2 90475  53.0000 249.2269 0000078 247.8085 281.8312 15.06110429194343
SHELL-A-90476
1 90476U 26476A   26255.00000000  .00002000  00000-0  15000-3 0  9992
2 90476  53.0000 248.0946 0000807 314.1238 294.2791 15.05322796218179
SHELL-A-90477
1 90477U 26477A   26255.00000000  .00002000  00000-0  15000-3 0  9994
2 90477  53.0000 250.1124 0000394 328.9270 309.2684 15.05573474 21869
SHELL-A-90478
1 90478U 26478A   26255.00000000  .00002000  00000-0  15000-3 0  9996
2 90478  53.0000 250.1304 0000012 136.6035 321.3255 15.05440413379670
SHELL-A-90479
1 90479U 26479A   26255.00000000  .00002000  00000-0  15000-3 0  9998
2 90479  53.0000 249.2075 0000039 192.7946 337.6117 15.05070883536715
SHELL-A-90480
1 90480U 26480A   26255.00000000  .00002000  00000-0  15000-3 0  9992
2 90480  53.0000 249.3460 0000522  94.2863 351.4791 15.05540024967806
SHELL-A-90481
1 90481U 26481A   26255.00000000  .00002000  00000-0  15000-3 0  9994
2 90481  53.0000 249.1089 0000235 193.2787   4.6815 15.05207337746624
SHELL-A-90482
1 90482U 26482A   26255.00000000  .00002000  00000-0  15000-3 0  9996
2 90482  53.0000 248.2771 0000510  93.4542  17.3421 15.05083407262682
SHELL-A-90483
1 90483U 26483A   26255.00000000  .00002000  00000-0  15000-3 0  9998
2 90483  53.0000 247.8385 0000683 196.6309  32.9628 15.04807973 33024
SHELL-A-90484
1 90484U 26484A   26255.00000000  .00002000  00000-0  15000-3 0  9990
2 90484  53.0000 250.3915 0000466 193.6627  44.8671 15.05453914960709
SHELL-A-90485
1 90485U 26485A   26255.00000000  .00002000  00000-0  15000-3 0  9992
2 90485  53.0000 247.9985 0000194 210.3166  59.2652 15.05742443146479
SHELL-A-90486
1 90486U 26486A   26255.00000000  .00002000  00000-0  15000-3 0  9994
2 90486  53.0000 249.4738 0000277 340.1457  74.7418 15.05349140962992
SHELL-A-90487
1 90487U 26487A   26255.00000000  .00002000  00000-0  15000-3 0  9996
2 90487  53.0000 250.2523 0000815 262.8496  86.7676 15.05577365360236
SHELL-A-90488
1 90488U 26488A   26255.00000000  .00002000  00000-0  15000-3 0  9998
2 90488  53.0000 248.9032 0000482 139.0820 100.0817 15.05601032396800
SHELL-A-90489
1 90489U 26489A   26255.00000000  .00002000  00000-0  15000-3 0  9990
2 90489  53.0000 249.4271 0000362 310.6140 113.4412 15.05142590986411
SHELL-A-90490
1 90490U 26490A   26255.00000000  .00002000  00000-0  15000-3 0  9994
2 90490  53.0000 250.1108 0000480 313.0397 130.0850 15.05793472960316
SHELL-A-90491
1 90491U 26491A   26255.00000000  .00002000  00000-0  15000-3 0  9996
2 90491  53.0000 248.6402 0000572  85.4450 143.6786 15.05711358326977
SHELL-A-90492
1 90492U 26492A   26255.00000000  .00002000  00000-0  15000-3 0  9998
2 90492  53.0000 248.4941 0000806 212.4932 155.8385 15.05264889788234
SHELL-A-90493
1 90493U 26493A   26255.00000000  .00002000  00000-0  15000-3 0  9990
2 90493  53.0000 250.4468 0000544 257.1048 170.4493 15.05135398761084
SHELL-A-90494
1 90494U 26494A   26255.00000000  .00002000  00000-0  15000-3 0  9992
2 90494  53.0000 249.8390 0000612  96.5549 184.1097 15.05830792674612
SHELL-A-90495
1 90495U 26495A   26255.00000000  .00002000  00000-0  15000-3 0  9994
2 90495  53.0000 264.3400 0000330 126.7652 208.5138 15.04956905441247
SHELL-A-90496
1 90496U 26496A   26255.00000000  .00002000  00000-0  15000-3 0  9996
2 90496  53.0000 261.6821 0000142 192.5427 221.3679 15.06144135892909
SHELL-A-90497
1 90497U 26497A   26255.00000000  .00002000  00000-0  15000-3 0  9998
2 90497  53.0000 262.9341 0000402 276.5952 235.8583 15.04936189658467
SHELL-A-90498
1 90498U 26498A   26255.00000000  .00002000  00000-0  15000-3 0  9990
2 90498  53.0000 264.1731 0000663  52.8114 249.9033 15.05703348148920
SHELL-A-90499
1 90499U 26499A   26255.00000000  .00002000  00000-0  15000-3 0  9992
2 90499  53.0000 263.7921 0000700  54.2032 265.7694 15.04754273681387
SHELL-A-90500
1 90500U 26500A   26255.00000000  .00002000  00000-0  15000-3 0  9998
2 90500  53.0000 263.8261 0000411 220.8014 279.0840 15.05494518843574
SHELL-A-90501
1 90501U 26501A   26255.00000000  .00002000  00000-0  15000-3 0  9990
2 90501  53.0000 264.5294 0000673 126.7597 291.8304 15.05968599477541
SHELL-A-90502
1 90502U 26502A   26255.00000000  .00002000  00000-0  15000-3 0  9992
2 90502  53.0000 264.3859 0000141 335.5796 306.8953 15.05074088335369
SHELL-A-90503
1 90503U 26503A   26255.00000000  .00002000  00000-0  15000-3 0  9994
2 90503  53.0000 264.2030 0000454 301.6702 318.6171 15.05424335934999
SHELL-A-90504
1 90504U 26504A   26255.00000000  .00002000  00000-0  15000-3 0  9996
2 90504  53.0000 263.2145 0000554 337.4866 334.6077 15.05063438270433
SHELL-A-90505
1 90505U 26505A   26255.00000000  .00002000  00000-0  15000-3 0  9998
2 90505  53.0000 263.3221 0000060  53.3264 347.5500 15.05246686 14638
SHELL-A-90506
1 90506U 26506A   26255.00000000  .00002000  00000-0  15000-3 0  9990
2 90506  53.0000 264.3582 0000598 302.1397   0.2003 15.05465061859377
SHELL-A-90507
1 90507U 26507A   26255.00000000  .00002000  00000-0  15000-3 0  9992
2 90507  53.0000 262.2811 0000674  40.3148  14.7031 15.06146093  3992
SHELL-A-90508
1 90508U 26508A   26255.00000000  .00002000  00000-0  15000-3 0  9994
2 90508  53.0000 263.4403 0000498  23.3207  27.7041 15.05615000171522
SHELL-A-90509
1 90509U 26509A   26255.00000000  .00002000  00000-0  15000-3 0  9996
2 90509  53.0000 263.8437 0000880 262.9662  43.7542 15.04824483205545
SHELL-A-90510
1 90510U 26510A   26255.00000000  .00002000  00000-0  15000-3 0  9990
2 90510  53.0000 263.2913 0000614  43.7691  57.6172 15.05535223245462
SHELL-A-90511
1 90511U 26511A   26255.00000000  .00002000  00000-0  15000-3 0  9992
2 90511  53.0000 261.7047 0000876 162.1000  71.9216 15.05165782543631
SHELL-A-90512
1 90512U 26512A   26255.00000000  .00002000  00000-0  15000-3 0  9994
2 90512  53.0000 263.3734 0000266 290.4604  83.2723 15.05349802170723
SHELL-A-90513
1 90513U 26513A   26255.00000000  .00002000  00000-0  15000-3 0  9996
2 90513  53.0000 264.4479 0000275 196.5678  97.2285 15.04898350493462
SHELL-A-90514
1 90514U 26514A   26255.00000000  .00002000  00000-0  15000-3 0  9998
2 90514  53.0000 261.9782 0000180 356.2272 113.4173 15.04777141800375
SHELL-A-90515
1 90515U 26515A   26255.00000000  .00002000  00000-0  15000-3 0  9990
2 90515  53.0000 263.4099 0000647  73.0913 127.0509 15.05386620845527
SHELL-A-90516
1 90516U 26516A   26255.00000000  .00002000  00000-0  15000-3 0  9992
2 90516  53.0000 262.5817 0000887 342.2880 138.9858 15.04955658452463
SHELL-A-90517
1 90517U 26517A   26255.00000000  .00002000  00000-0  15000-3 0  9994
2 90517  53.0000 262.7626 0000833 110.0236 154.1943 15.06048621780690
SHELL-A-90518
1 90518U 26518A   26255.00000000  .00002000  00000-0  15000-3 0  9996
2 90518  53.0000 262.3881 0000296 166.7365 168.2899 15.05196704334780
SHELL-A-90519
1 90519U 26519A   26255.00000000  .00002000  00000-0  15000-3 0  9998
2 90519  53.0000 263.0197 0000794 144.5951 181.6417 15.06218387448882
SHELL-A-90520
1 90520U 26520A   26255.00000000  .00002000  00000-0  15000-3 0  9992
2 90520  53.0000 263.9783 0000305 305.3206 195.9548 15.05710642739169
SHELL-A-90521
1 90521U 26521A   26255.00000000  .00002000  00000-0  15000-3 0  9994
2 90521  53.0000 275.8503 0000616  78.0228 219.1246 15.04884025175642
SHELL-A-90522
1 90522U 26522A   26255.00000000  .00002000  00000-0  15000-3 0  9996
2 90522  53.0000 275.7786 0000478 243.5883 234.3809 15.05764929313062
SHELL-A-90523
1 90523U 26523A   26255.00000000  .00002000  00000-0  15000-3 0  9998
2 90523  53.0000 276.4768 0000142 111.6334 247.9405 15.05805612430893
SHELL-A-90524
1 90524U 26524A   26255.00000000  .00002000  00000-0  15000-3 0  9990
2 90524  53.0000 276.7759 0000237  34.4509 260.9216 15.05815972330308
SHELL-A-90525
1 90525U 26525A   26255.00000000  .00002000  00000-0  15000-3 0  9992
2 90525  53.0000 276.9868 0000531 124.3559 273.9967 15.05516662163814
SHELL-A-90526
1 90526U 26526A   26255.00000000  .00002000  00000-0  15000-3 0  9994
2 90526  53.0000 278.2024 0000060  21.3502 287.7327 15.05177548694318
SHELL-A-90527
1 90527U 26527A   26255.00000000  .00002000  00000-0  15000-3 0  9996
2 90527  53.0000 278.1129 0000825  64.2347 303.6149 15.05291552133945
SHELL-A-90528
1 90528U 26528A   26255.00000000  .00002000  00000-0  15000-3 0  9998
2 90528  53.0000 275.7305 0000380 313.0768 316.2063 15.05791253874516
SHELL-A-90529
1 90529U 26529A   26255.00000000  .00002000  00000-0  15000-3 0  9990
2 90529  53.0000 277.8279 0000797 180.0201 330.2438 15.05644325720166
SHELL-A-90530
1 90530U 26530A   26255.00000000  .00002000  00000-0  15000-3 0  9994
2 90530  53.0000 276.4280 0000739 234.0421 345.4048 15.06019839 95904
SHELL-A-90531
1 90531U 26531A   26255.00000000  .00002000  00000-0  15000-3 0  9996
2 90531  53.0000 276.9582 0000770 179.4556 357.6958 15.05394317279041
SHELL-A-90532
1 90532U 26532A   26255.00000000  .00002000  00000-0  15000-3 0  9998
2 90532  53.0000 276.6728 0000702 308.6778  12.9257 15.04994262756999
SHELL-A-90533
1 90533U 26533A   26255.00000000  .00002000  00000-0  15000-3 0  9990
2 90533  53.0000 277.9726 0000431 306.7757  26.4225 15.05981316643028
SHELL-A-90534
1 90534U 26534A   26255.00000000  .00002000  00000-0  15000-3 0  9992
2 90534  53.0000 278.0261 0000668  75.5343  39.7525 15.05137478546900
SHELL-A-90535
1 90535U 26535A   26255.00000000  .00002000  00000-0  15000-3 0  9994
2 90535  53.0000 278.3629 0000469  92.9167  54.4450 15.05780761486383
SHELL-A-90536
1 90536U 26536A   26255.00000000  .00002000  00000-0  15000-3 0  9996
2 90536  53.0000 277.4100 0000120 133.9248  68.4886 15.05450686 89059
SHELL-A-90537
1 90537U 26537A   26255.00000000  .00002000  00000-0  15000-3 0  9998
2 90537  53.0000 277.7415 0000657 166.0206  82.6014 15.06113160 61525
SHELL-A-90538
1 90538U 26538A   26255.00000000  .00002000  00000-0  15000-3 0  9990
2 90538  53.0000 277.8679 0000462 223.5020  94.3066 15.05788126674960
SHELL-A-90539
1 90539U 26539A   26255.00000000  .00002000  00000-0  15000-3 0  9992
2 90539  53.0000 276.4610 0000067  28.3585 107.9842 15.05993993917894
SHELL-A-90540
1 90540U 26540A   26255.00000000  .00002000  00000-0  15000-3 0  9996
2 90540  53.0000 276.9473 0000886 121.1983 123.1251 15.05108243640085
SHELL-A-90541
1 90541U 26541A   26255.00000000  .00002000  00000-0  15000-3 0  9998
2 90541  53.0000 276.1172 0000264 330.6341 137.6075 15.05251249415707
SHELL-A-90542
1 90542U 26542A   26255.00000000  .00002000  00000-0  15000-3 0  9990
2 90542  53.0000 277.1533 0000205  19.3347 151.3567 15.05749996390344
SHELL-A-90543
1 90543U 26543A   26255.00000000  .00002000  00000-0  15000-3 0  9992
2 90543  53.0000 278.2336 0000889 303.3235 164.8220 15.05868681223981
SHELL-A-90544
1 90544U 26544A   26255.00000000  .00002000  00000-0  15000-3 0  9994
2 90544  53.0000 275.8697 0000409  55.0548 178.4776 15.05076297495444
SHELL-A-90545
1 90545U 26545A   26255.00000000  .00002000  00000-0  15000-3 0  9996
2 90545  53.0000 276.4498 0000860 211.2156 191.1341 15.06177373668128
SHELL-A-90546
1 90546U 26546A   26255.00000000  .00002000  00000-0  15000-3 0  9998
2 90546  53.0000 277.0599 0000534  76.2056 206.3952 15.05634532235473
SHELL-A-90547
1 90547U 26547A   26255.00000000  .00002000  00000-0  15000-3 0  9990
2 90547  53.0000 291.0274 0000224 146.7870 232.4656 15.05154133414680
SHELL-A-90548
1 90548U 26548A   26255.00000000  .00002000  00000-0  15000-3 0  9992
2 90548  53.0000 289.5745 0000157 254.9968 243.6479 15.05713136800658
SHELL-A-90549
1 90549U 26549A   26255.00000000  .00002000  00000-0  15000-3 0  9994
2 90549  53.0000 290.6333 0000333 345.4251 259.0348 15.06123279134168
SHELL-A-90550
1 90550U 26550A   26255.00000000  .00002000  00000-0  15000-3 0  9998
2 90550  53.0000 291.9153 0000775  64.0176 271.1328 15.05817999116019
SHELL-A-90551
1 90551U 26551A   26255.00000000  .00002000  00000-0  15000-3 0  9990
2 90551  53.0000 290.1720 0000196 332.0762 285.6474 15.06199699653634
SHELL-A-90552
1 90552U 26552A   26255.00000000  .00002000  00000-0  15000-3 0  9992
2 90552  53.0000 292.1987 0000209 338.9874 298.9462 15.05695276747905
SHELL-A-90553
1 90553U 26553A   26255.00000000  .00002000  00000-0  15000-3 0  9994
2 90553  53.0000 289.6814 0000793 110.1858 313.7281 15.06174562120301
SHELL-A-90554
1 90554U 26554A   26255.00000000  .00002000  00000-0  15000-3 0  9996
2 90554  53.0000 290.6070 0000806 223.1558 327.3205 15.05272834495420
SHELL-A-90555
1 90555U 26555A   26255.00000000  .00002000  00000-0  15000-3 0  9998
2 90555  53.0000 292.1795 0000034 277.2346 340.3697 15.05962299945173
SHELL-A-90556
1 90556U 26556A   26255.00000000  .00002000  00000-0  15000-3 0  9990
2 90556  53.0000 291.5950 0000566 203.7524 354.1753 15.06083097831656
SHELL-A-90557
1 90557U 26557A   26255.00000000  .00002000  00000-0  15000-3 0  9992
2 90557  53.0000 291.5751 0000338 304.7372   8.3664 15.05609704449726
SHELL-A-90558
1 90558U 26558A   26255.00000000  .00002000  00000-0  15000-3 0  9994
2 90558  53.0000 290.1779 0000583 161.8855  23.1542 15.05023996 66269
SHELL-A-90559
1 90559U 26559A   26255.00000000  .00002000  00000-0  15000-3 0  9996
2 90559  53.0000 292.1489 0000077 247.3347  37.8875 15.05738864300588
SHELL-A-90560
1 90560U 26560A   26255.00000000  .00002000  00000-0  15000-3 0  9990
2 90560  53.0000 292.1418 0000868 287.0471  49.9271 15.05955468212957
SHELL-A-90561
1 90561U 26561A   26255.00000000  .00002000  00000-0  15000-3 0  9992
2 90561  53.0000 289.7110 0000074  57.9824  66.1791 15.05879708905683
SHELL-A-90562
1 90562U 26562A   26255.00000000  .00002000  00000-0  15000-3 0  9994
2 90562  53.0000 290.5675 0000707 351.9123  78.0415 15.05434034142375
SHELL-A-90563
1 90563U 26563A   26255.00000000  .00002000  00000-0  15000-3 0  9996
2 90563  53.0000 289.6806 0000724 171.2929  93.3824 15.05436352983054
SHELL-A-90564
1 90564U 26564A   26255.00000000  .00002000  00000-0  15000-3 0  9998
2 90564  53.0000 291.0765 0000481  82.1429 105.5413 15.05892324718254
SHELL-A-90565
1 90565U 26565A   26255.00000000  .00002000  00000-0  15000-3 0  9990
2 90565  53.0000 292.1751 0000441 136.0102 120.9808 15.04857333186781
SHELL-A-90566
1 90566U 26566A   26255.00000000  .00002000  00000-0  15000-3 0  9992
2 90566  53.0000 291.7512 0000288 116.6686 132.6336 15.04749366916055
SHELL-A-90567
1 90567U 26567A   26255.00000000  .00002000  00000-0  15000-3 0  9994
2 90567  53.0000 289.8342 0000314  90.4984 147.8736 15.05523815387790
SHELL-A-90568
1 90568U 26568A   26255.00000000  .00002000  00000-0  15000-3 0  9996
2 90568  53.0000 291.9404 0000751  50.3261 160.9272 15.05760791664719
SHELL-A-90569
1 90569U 26569A   26255.00000000  .00002000  00000-0  15000-3 0  9998
2 90569  53.0000 289.3101 0000899  41.3001 174.4462 15.06211545760177
SHELL-A-90570
1 90570U 26570A   26255.00000000  .00002000  00000-0  15000-3 0  9992
2 90570  53.0000 289.3352 0000829   9.8127 188.7722 15.05305604511190
SHELL-A-90571
1 90571U 26571A   26255.00000000  .00002000  00000-0  15000-3 0  9994
2 90571  53.0000 291.6001 0000373 204.0075 203.2532 15.05897005 34938
SHELL-A-90572
1 90572U 26572A   26255.00000000  .00002000  00000-0  15000-3 0  9996
2 90572  53.0000 292.0749 0000857 154.7128 218.0355 15.05772092324634
SHELL-A-90573
1 90573U 26573A   26255.00000000  .00002000  00000-0  15000-3 0  9998
2 90573  53.0000 303.9870 0000804 243.4292 243.1434 15.05514126656864
SHELL-A-90574
1 90574U 26574A   26255.00000000  .00002000  00000-0  15000-3 0  9990
2 90574  53.0000 303.1956 0000763 171.0543 256.7927 15.05930162558737
SHELL-A-90575
1 90575U 26575A   26255.00000000  .00002000  00000-0  15000-3 0  9992
2 90575  53.0000 305.1073 0000022 124.7750 270.4554 15.05931810267303
SHELL-A-90576
1 90576U 26576A   26255.00000000  .00002000  00000-0  15000-3 0  9994
2 90576  53.0000 304.7022 0000256  89.1305 283.6442 15.05827858773526
SHELL-A-90577
1 90577U 26577A   26255.00000000  .00002000  00000-0  15000-3 0  9996
2 90577  53.0000 303.6357 0000634 323.4687 296.1305 15.04834155837203
SHELL-A-90578
1 90578U 26578A   26255.00000000  .00002000  00000-0  15000-3 0  9998
2 90578  53.0000 303.6610 0000759 118.7765 310.0287 15.05512846473174
SHELL-A-90579
1 90579U 26579A   26255.00000000  .00002000  00000-0  15000-3 0  9990
2 90579  53.0000 303.6959 0000272  27.6025 325.6733 15.06006557173575
SHELL-A-90580
1 90580U 26580A   26255.00000000  .00002000  00000-0  15000-3 0  9994
2 90580  53.0000 303.1805 0000257 348.2714 340.0687 15.05140559353818
SHELL-A-90581
1 90581U 26581A   26255.00000000  .00002000  00000-0  15000-3 0  9996
2 90581  53.0000 304.9881 0000388 289.8882 351.6099 15.05716582774113
SHELL-A-90582
1 90582U 26582A   26255.00000000  .00002000  00000-0  15000-3 0  9998
2 90582  53.0000 303.7725 0000794 232.1518   5.7418 15.04752714655189
SHELL-A-90583
1 90583U 26583A   26255.00000000  .00002000  00000-0  15000-3 0  9990
2 90583  53.0000 303.2644 0000607 132.8799  20.3771 15.05487312106259
SHELL-A-90584
1 90584U 26584A   26255.00000000  .00002000  00000-0  15000-3 0  9992
2 90584  53.0000 304.9393 0000040 294.2363  35.7892 15.06237223602430
SHELL-A-90585
1 90585U 26585A   26255.00000000  .00002000  00000-0  15000-3 0  9994
2 90585  53.0000 304.1052 0000117 255.2653  47.7214 15.05617455683684
SHELL-A-90586
1 90586U 26586A   26255.00000000  .00002000  00000-0  15000-3 0  9996
2 90586  53.0000 304.4212 0000331  48.5549  61.6861 15.05221537 48928
SHELL-A-90587
1 90587U 26587A   26255.00000000  .00002000  00000-0  15000-3 0  9998
2 90587  53.0000 303.1470 0000207 137.6538  76.6455 15.05245219851583
SHELL-A-90588
1 90588U 26588A   26255.00000000  .00002000  00000-0  15000-3 0  9990
2 90588  53.0000 303.2235 0000397 347.6696  90.0996 15.05037713578317
SHELL-A-90589
1 90589U 26589A   26255.00000000  .00002000  00000-0  15000-3 0  9992
2 90589  53.0000 303.9550 0000671  46.2843 104.6484 15.05641688286576
SHELL-A-90590
1 90590U 26590A   26255.00000000  .00002000  00000-0  15000-3 0  9996
2 90590  53.0000 303.5860 0000844 245.9518 117.8854 15.06095136997340
SHELL-A-90591
1 90591U 26591A   26255.00000000  .00002000  00000-0  15000-3 0  9998
2 90591  53.0000 303.9236 0000509   6.7517 131.7418 15.04740727522821
SHELL-A-90592
1 90592U 26592A   26255.00000000  .00002000  00000-0  15000-3 0  9990
2 90592  53.0000 303.1914 0000341  25.1824 145.0703 15.05842612894821
SHELL-A-90593
1 90593U 26593A   26255.00000000  .00002000  00000-0  15000-3 0  9992
2 90593  53.0000 303.6250 0000569 107.9689 157.7414 15.05869485322293
SHELL-A-90594
1 90594U 26594A   26255.00000000  .00002000  00000-0  15000-3 0  9994
2 90594  53.0000 304.8390 0000148 176.0306 172.1363 15.06057565 72462
SHELL-A-90595
1 90595U 26595A   26255.00000000  .00002000  00000-0  15000-3 0  9996
2 90595  53.0000 304.1382 0000239 119.5653 186.8027 15.05294738648265
SHELL-A-90596
1 90596U 26596A   26255.00000000  .00002000  00000-0  15000-3 0  9998
2 90596  53.0000 305.4274 0000438 219.7300 200.5684 15.06209370649301
SHELL-A-90597
1 90597U 26597A   26255.00000000  .00002000  00000-0  15000-3 0  9990
2 90597  53.0000 303.2776 0000135 261.6573 213.3813 15.05853323160066
SHELL-A-90598
1 90598U 26598A   26255.00000000  .00002000  00000-0  15000-3 0  9992
2 90598  53.0000 304.2593 0000068  15.1656 227.3729 15.06234427369559
SHELL-A-90599
1 90599U 26599A   26255.00000000  .00002000  00000-0  15000-3 0  9994
2 90599  53.0000 318.1984 0000814   9.7815 254.4580 15.06222285544520
SHELL-A-90600
1 90600U 26600A   26255.00000000  .00002000  00000-0  15000-3 0  9990
2 90600  53.0000 317.5581 0000065 161.4084 267.8868 15.05197965380059
SHELL-A-90601
1 90601U 26601A   26255.00000000  .00002000  00000-0  15000-3 0  9992
2 90601  53.0000 318.9834 0000225  59.6526 281.3736 15.06042469942769
SHELL-A-90602
1 90602U 26602A   26255.00000000  .00002000  00000-0  15000-3 0  9994
2 90602  53.0000 319.9211 0000409  89.6774 294.1025 15.05675479801693
SHELL-A-90603
1 90603U 26603A   26255.00000000  .00002000  00000-0  15000-3 0  9996
2 90603  53.0000 318.7110 0000355 271.0691 309.5068 15.05983812955910
SHELL-A-90604
1 90604U 26604A   26255.00000000  .00002000  00000-0  15000-3 0  9998
2 90604  53.0000 318.0685 0000653 163.5318 321.2725 15.06023404342715
SHELL-A-90605
1 90605U 26605A   26255.00000000  .00002000  00000-0  15000-3 0  9990
2 90605  53.0000 317.5730 0000658 188.8751 337.4722 15.05975655572519
SHELL-A-90606
1 90606U 26606A   26255.00000000  .00002000  00000-0  15000-3 0  9992
2 90606  53.0000 319.4045 0000885 175.0658 349.3729 15.04849276 32895
SHELL-A-90607
1 90607U 26607A   26255.00000000  .00002000  00000-0  15000-3 0  9994
2 90607  53.0000 317.0498 0000725 170.2595   4.8874 15.05836143916640
SHELL-A-90608
1 90608U 26608A   26255.00000000  .00002000  00000-0  15000-3 0  9996
2 90608  53.0000 317.9166 0000530 281.3488  16.5543 15.05715413811936
SHELL-A-90609
1 90609U 26609A   26255.00000000  .00002000  00000-0  15000-3 0  9998
2 90609  53.0000 318.7302 0000149 161.0264  30.5341 15.05595458336928
SHELL-A-90610
1 90610U 26610A   26255.00000000  .00002000  00000-0  15000-3 0  9992
2 90610  53.0000 317.1734 0000667 116.8514  46.5777 15.05269317761882
SHELL-A-90611
1 90611U 26611A   26255.00000000  .00002000  00000-0  15000-3 0  9994
2 90611  53.0000 317.2909 0000343 233.7218  60.4683 15.05178957599147
SHELL-A-90612
1 90612U 26612A   26255.00000000  .00002000  00000-0  15000-3 0  9996
2 90612  53.0000 318.3770 0000873 253.6322  74.4847 15.04926437136610
SHELL-A-90613
1 90613U 26613A   26255.00000000  .00002000  00000-0  15000-3 0  9998
2 90613  53.0000 319.5762 0000895 206.0256  87.0154 15.05365107524475
SHELL-A-90614
1 90614U 26614A   26255.00000000  .00002000  00000-0  15000-3 0  9990
2 90614  53.0000 317.6669 0000833 164.8337 100.1647 15.05198314445092
SHELL-A-90615
1 90615U 26615A   26255.00000000  .00002000  00000-0  15000-3 0  9992
2 90615  53.0000 319.7679 0000143 199.7449 115.1116 15.05398447881902
SHELL-A-90616
1 90616U 26616A   26255.00000000  .00002000  00000-0  15000-3 0  9994
2 90616  53.0000 318.1565 0000836 332.8305 128.6272 15.05504126516236
SHELL-A-90617
1 90617U 26617A   26255.00000000  .00002000  00000-0  15000-3 0  9996
2 90617  53.0000 319.9506 0000724  36.1572 142.7542 15.05639400726758
SHELL-A-90618
1 90618U 26618A   26255.00000000  .00002000  00000-0  15000-3 0  9998
2 90618  53.0000 317.4921 0000052 258.3663 157.1650 15.05355720662913
SHELL-A-90619
1 90619U 26619A   26255.00000000  .00002000  00000-0  15000-3 0  9990
2 90619  53.0000 317.7754 0000613  75.8187 169.3183 15.05696476935811
SHELL-A-90620
1 90620U 26620A   26255.00000000  .00002000  00000-0  15000-3 0  9994
2 90620  53.0000 318.8567 0000273  57.9470 182.3950 15.06194619457139
SHELL-A-90621
1 90621U 26621A   26255.00000000  .00002000  00000-0  15000-3 0  9996
2 90621  53.0000 318.8577 0000209 329.2708 198.8405 15.04820749 12883
SHELL-A-90622
1 90622U 26622A   26255.00000000  .00002000  00000-0  15000-3 0  9998
2 90622  53.0000 319.2503 0000516 170.6683 212.3880 15.04979053844525
SHELL-A-90623
1 90623U 26623A   26255.00000000  .00002000  00000-0  15000-3 0  9990
2 90623  53.0000 317.0740 0000517 354.8808 223.8277 15.06019427456710
SHELL-A-90624
1 90624U 26624A   26255.00000000  .00002000  00000-0  15000-3 0  9992
2 90624  53.0000 318.5587 0000675 307.8650 239.2817 15.06158780639242
SHELL-A-90625
1 90625U 26625A   26255.00000000  .00002000  00000-0  15000-3 0  9994
2 90625  53.0000 333.1208 0000598  18.4058 263.7138 15.05561998 35029
SHELL-A-90626
1 90626U 26626A   26255.00000000  .00002000  00000-0  15000-3 0  9996
2 90626  53.0000 332.2959 0000725 137.5464 278.1426 15.05655286880908
SHELL-A-90627
1 90627U 26627A   26255.00000000  .00002000  00000-0  15000-3 0  9998
2 90627  53.0000 331.4321 0000448  31.1696 291.2142 15.05776885 51765
SHELL-A-90628
1 90628U 26628A   26255.00000000  .00002000  00000-0  15000-3 0  9990
2 90628  53.0000 332.3133 0000079  39.3751 306.8397 15.06021868489146
SHELL-A-90629
1 90629U 26629A   26255.00000000  .00002000  00000-0  15000-3 0  9992
2 90629  53.0000 333.2010 0000123 108.0813 320.3605 15.05493774952588
SHELL-A-90630
1 90630U 26630A   26255.00000000  .00002000  00000-0  15000-3 0  9996
2 90630  53.0000 330.9346 0000370 297.1285 333.6019 15.05965247561089
SHELL-A-90631
1 90631U 26631A   26255.00000000  .00002000  00000-0  15000-3 0  9998
2 90631  53.0000 331.9924 0000877 261.0113 345.8297 15.06003354510647
SHELL-A-90632
1 90632U 26632A   26255.00000000  .00002000  00000-0  15000-3 0  9990
2 90632  53.0000 332.6470 0000086 297.8414   1.8910 15.05394118274834
SHELL-A-90633
1 90633U 26633A   26255.00000000  .00002000  00000-0  15000-3 0  9992
2 90633  53.0000 332.1311 0000530 240.6841  14.1494 15.05369671141651
SHELL-A-90634
1 90634U 26634A   26255.00000000  .00002000  00000-0  15000-3 0  9994
2 90634  53.0000 331.5148 0000431  68.5862  28.4812 15.04995546553703
SHELL-A-90635
1 90635U 26635A   26255.00000000  .00002000  00000-0  15000-3 0  9996
2 90635  53.0000 332.9051 0000627 148.1872  43.7626 15.05207293937159
SHELL-A-90636
1 90636U 26636A   26255.00000000  .00002000  00000-0  15000-3 0  9998
2 90636  53.0000 332.9619 0000716 191.9160  56.2404 15.04757718801452
SHELL-A-90637
1 90637U 26637A   26255.00000000  .00002000  00000-0  15000-3 0  9990
2 90637  53.0000 330.9064 0000416 154.5981  70.7945 15.04976153492068
SHELL-A-90638
1 90638U 26638A   26255.00000000  .00002000  00000-0  15000-3 0  9992
2 90638  53.0000 332.6425 0000578 111.5061  82.5988 15.04860409717323
SHELL-A-90639
1 90639U 26639A   26255.00000000  .00002000  00000-0  15000-3 0  9994
2 90639  53.0000 331.6854 0000702 165.2786  98.1551 15.05276649597815
SHELL-A-90640
1 90640U 26640A   26255.00000000  .00002000  00000-0  15000-3 0  9998
2 90640  53.0000 331.0333 0000491 352.7998 112.2581 15.05367148454870
SHELL-A-90641
1 90641U 26641A   26255.00000000  .00002000  00000-0  15000-3 0  9990
2 90641  53.0000 332.3906 0000360 285.4737 124.4838 15.04935726689815
SHELL-A-90642
1 90642U 26642A   26255.00000000  .00002000  00000-0  15000-3 0  9992
2 90642  53.0000 331.2246 0000304 309.5999 139.4753 15.04801687245680
SHELL-A-90643
1 90643U 26643A   26255.00000000  .00002000  00000-0  15000-3 0  9994
2 90643  53.0000 331.8460 0000839   8.4656 154.5907 15.05051845589777
SHELL-A-90644
1 90644U 26644A   26255.00000000  .00002000  00000-0  15000-3 0  9996
2 90644  53.0000 331.8496 0000517 245.4945 168.3599 15.05927114632752
SHELL-A-90645
1 90645U 26645A   26255.00000000  .00002000  00000-0  15000-3 0  9998
2 90645  53.0000 332.0847 0000253 297.4845 181.7191 15.06175147433375
SHELL-A-90646
1 90646U 26646A   26255.00000000  .00002000  00000-0  15000-3 0  9990
2 90646  53.0000 332.2346 0000583 105.0561 195.6805 15.05366290655447
SHELL-A-90647
1 90647U 26647A   26255.00000000  .00002000  00000-0  15000-3 0  9992
2 90647  53.0000 333.4637 0000333 291.5995 209.0621 15.04855119976645
SHELL-A-90648
1 90648U 26648A   26255.00000000  .00002000  00000-0  15000-3 0  9994
2 90648  53.0000 333.6809 0000797  71.6073 221.9991 15.05498922387877
SHELL-A-90649
1 90649U 26649A   26255.00000000  .00002000  00000-0  15000-3 0  9996
2 90649  53.0000 332.9656 0000761  18.2370 235.0042 15.05637328832613
SHELL-A-90650
1 90650U 26650A   26255.00000000  .00002000  00000-0  15000-3 0  9990
2 90650  53.0000 331.3259 0000786 335.3027 249.3550 15.05734509316681
SHELL-A-90651
1 90651U 26651A   26255.00000000  .00002000  00000-0  15000-3 0  9992
2 90651  53.0000 346.9866 0000244 244.9058 274.3019 15.04889008601269
SHELL-A-90652
1 90652U 26652A   26255.00000000  .00002000  00000-0  15000-3 0  9994
2 90652  53.0000 346.6574 0000611 190.8984 289.4167 15.05924203646772
SHELL-A-90653
1 90653U 26653A   26255.00000000  .00002000  00000-0  15000-3 0  9996
2 90653  53.0000 346.1443 0000720 189.3363 303.9656 15.06176288897123
SHELL-A-90654
1 90654U 26654A   26255.00000000  .00002000  00000-0  15000-3 0  9998
2 90654  53.0000 347.2633 0000422 294.3090 316.0762 15.05079411359642
SHELL-A-90655
1 90655U 26655A   26255.00000000  .00002000  00000-0  15000-3 0  9990
2 90655  53.0000 346.1738 0000383 315.0762 330.1579 15.06192193 57035
SHELL-A-90656
1 90656U 26656A   26255.00000000  .00002000  00000-0  15000-3 0  9992
2 90656  53.0000 346.6350 0000757 144.4488 344.9582 15.06197772299768
SHELL-A-90657
1 90657U 26657A   26255.00000000  .00002000  00000-0  15000-3 0  9994
2 90657  53.0000 345.4766 0000407 233.5969 358.0878 15.05623541510287
SHELL-A-90658
1 90658U 26658A   26255.00000000  .00002000  00000-0  15000-3 0  9996
2 90658  53.0000 346.2532 0000396 167.6027  12.1993 15.05150200999405
SHELL-A-90659
1 90659U 26659A   26255.00000000  .00002000  00000-0  15000-3 0  9998
2 90659  53.0000 345.1941 0000865 254.5890  25.8221 15.04772696 63194
SHELL-A-90660
1 90660U 26660A   26255.00000000  .00002000  00000-0  15000-3 0  9992
2 90660  53.0000 347.3593 0000457  36.7225  39.9104 15.04825855 51214
SHELL-A-90661
1 90661U 26661A   26255.00000000  .00002000  00000-0  15000-3 0  9994
2 90661  53.0000 345.9134 0000349 248.7529  54.8929 15.05076361463952
SHELL-A-90662
1 90662U 26662A   26255.00000000  .00002000  00000-0  15000-3 0  9996
2 90662  53.0000 346.0319 0000569  15.9555  68.3278 15.04766042490652
SHELL-A-90663
1 90663U 26663A   26255.00000000  .00002000  00000-0  15000-3 0  9998
2 90663  53.0000 346.2851 0000519  79.8871  80.4291 15.05836837973816
SHELL-A-90664
1 90664U 26664A   26255.00000000  .00002000  00000-0  15000-3 0  9990
2 90664  53.0000 346.3336 0000677 113.8912  95.6186 15.05513917798611
SHELL-A-90665
1 90665U 26665A   26255.00000000  .00002000  00000-0  15000-3 0  9992
2 90665  53.0000 346.4120 0000178 105.0097 108.2318 15.05389910611916
SHELL-A-90666
1 90666U 26666A   26255.00000000  .00002000  00000-0  15000-3 0  9994
2 90666  53.0000 347.2498 0000524 338.3165 123.5920 15.05108627296749
SHELL-A-90667
1 90667U 26667A   26255.00000000  .00002000  00000-0  15000-3 0  9996
2 90667  53.0000 347.5158 0000180 222.4539 136.8955 15.04864144159051
SHELL-A-90668
1 90668U 26668A   26255.00000000  .00002000  00000-0  15000-3 0  9998
2 90668  53.0000 346.1222 0000167 269.2190 151.2466 15.06040246666687
SHELL-A-90669
1 90669U 26669A   26255.00000000  .00002000  00000-0  15000-3 0  9990
2 90669  53.0000 346.4351 0000317  17.1322 164.0499 15.05909964347716
SHELL-A-90670
1 90670U 26670A   26255.00000000  .00002000  00000-0  15000-3 0  9994
2 90670  53.0000 347.4049 0000322 326.0725 177.5192 15.04814963132206
SHELL-A-90671
1 90671U 26671A   26255.00000000  .00002000  00000-0  15000-3 0  9996
2 90671  53.0000 347.1350 0000324 318.7959 192.8583 15.05140953434760
SHELL-A-90672
1 90672U 26672A   26255.00000000  .00002000  00000-0  15000-3 0  9998
2 90672  53.0000 346.0718 0000392 272.6553 207.1941 15.05169071834214
SHELL-A-90673
1 90673U 26673A   26255.00000000  .00002000  00000-0  15000-3 0  9990
2 90673  53.0000 345.8430 0000701 325.2942 220.6516 15.05953768504614
SHELL-A-90674
1 90674U 26674A   26255.00000000  .00002000  00000-0  15000-3 0  9992
2 90674  53.0000 346.5590 0000780 157.4709 234.4789 15.04805385207090
SHELL-A-90675
1 90675U 26675A   26255.00000000  .00002000  00000-0  15000-3 0  9994
2 90675  53.0000 345.0483 0000114  63.4275 246.2446 15.05665067182489
SHELL-A-90676
1 90676U 26676A   26255.00000000  .00002000  00000-0  15000-3 0  9996
2 90676  53.0000 346.7496 0000845 165.6393 262.3423 15.06223272769753
SHELL-B-90677
1 90677U 26677A   26255.00000000  .00002000  00000-0  15000-3 0  9998
2 90677  70.0000 358.7063 0000354 216.7606 359.2546 14.98946458714486
SHELL-B-90678
1 90678U 26678A   26255.00000000  .00002000  00000-0  15000-3 0  9990
2 90678  70.0000 359.5091 0000753 294.8166  23.6932 14.99220052872176
SHELL-B-90679
1 90679U 26679A   26255.00000000  .00002000  00000-0  15000-3 0  9992
2 90679  70.0000 359.1654 0000553 187.9815  49.3873 14.98813667796969
SHELL-B-90680
1 90680U 26680A   26255.00000000  .00002000  00000-0  15000-3 0  9996
2 90680  70.0000 359.3165 0000203 207.1459  71.3528 14.98371738 95862
SHELL-B-90681
1 90681U 26681A   26255.00000000  .00002000  00000-0  15000-3 0  9998
2 90681  70.0000 359.7495 0000392 327.0885  97.0486 14.98523368385483
SHELL-B-90682
1 90682U 26682A   26255.00000000  .00002000  00000-0  15000-3 0  9990
2 90682  70.0000   0.6912 0000806  82.2905 118.8098 14.98954955794578
SHELL-B-90683
1 90683U 26683A   26255.00000000  .00002000  00000-0  15000-3 0  9992
2 90683  70.0000   1.0244 0000153 292.2957 145.0874 14.98996816667022
SHELL-B-90684
1 90684U 26684A   26255.00000000  .00002000  00000-0  15000-3 0  9994
2 90684  70.0000   1.2800 0000660  97.7404 167.4672 14.98515873 97516
SHELL-B-90685
1 90685U 26685A   26255.00000000  .00002000  00000-0  15000-3 0  9996
2 90685  70.0000   0.2772 0000512 125.8450 193.3346 14.98454205486366
SHELL-B-90686
1 90686U 26686A   26255.00000000  .00002000  00000-0  15000-3 0  9998
2 90686  70.0000 359.9498 0000373 266.9097 216.2176 14.99155744285152
SHELL-B-90687
1 90687U 26687A   26255.00000000  .00002000  00000-0  15000-3 0  9990
2 90687  70.0000 359.1449 0000802 135.5836 240.3057 14.98716653963622
SHELL-B-90688
1 90688U 26688A   26255.00000000  .00002000  00000-0  15000-3 0  9992
2 90688  70.0000   1.3445 0000097 229.8237 262.7100 14.99532602870943
SHELL-B-90689
1 90689U 26689A   26255.00000000  .00002000  00000-0  15000-3 0  9994
2 90689  70.0000 359.6377 0000865 253.4751 287.2104 14.98755350102270
SHELL-B-90690
1 90690U 26690A   26255.00000000  .00002000  00000-0  15000-3 0  9998
2 90690  70.0000   0.7799 0000171 226.3905 312.9464 14.99681359183287
SHELL-B-90691
1 90691U 26691A   26255.00000000  .00002000  00000-0  15000-3 0  9990
2 90691  70.0000 358.9373 0000345 115.3648 336.2564 14.98851174504570
SHELL-B-90692
1 90692U 26692A   26255.00000000  .00002000  00000-0  15000-3 0  9992
2 90692  70.0000  22.5330 0000673 209.1648  12.2969 14.99352218597099
SHELL-B-90693
1 90693U 26693A   26255.00000000  .00002000  00000-0  15000-3 0  9994
2 90693  70.0000  22.8669 0000352 349.7276  33.6461 14.98492317691565
SHELL-B-90694
1 90694U 26694A   26255.00000000  .00002000  00000-0  15000-3 0  9996
2 90694  70.0000  22.2989 0000403 269.9477  57.5345 14.99200276395444
SHELL-B-90695
1 90695U 26695A   26255.00000000  .00002000  00000-0  15000-3 0  9998
2 90695  70.0000  23.4993 0000638 187.4744  82.3907 14.98656848460110
SHELL-B-90696
1 90696U 26696A   26255.00000000  .00002000  00000-0  15000-3 0  9990
2 90696  70.0000  23.6095 0000551 212.6010 106.0179 14.99441021567622
SHELL-B-90697
1 90697U 26697A   26255.00000000  .00002000  00000-0  15000-3 0  9992
2 90697  70.0000  23.8338 0000322 185.0844 131.5638 14.98480535 82053
SHELL-B-90698
1 90698U 26698A   26255.00000000  .00002000  00000-0  15000-3 0  9994
2 90698  70.0000  22.4570 0000340 256.7918 156.0644 14.98343517294709
SHELL-B-90699
1 90699U 26699A   26255.00000000  .00002000  00000-0  15000-3 0  9996
2 90699  70.0000  21.9169 0000380 296.2925 179.6903 14.98687515357550
SHELL-B-90700
1 90700U 26700A   26255.00000000  .00002000  00000-0  15000-3 0  9992
2 90700  70.0000  21.6842 0000618 176.6125 202.5584 14.99507922708820
SHELL-B-90701
1 90701U 26701A   26255.00000000  .00002000  00000-0  15000-3 0  9994
2 90701  70.0000  22.6859 0000723  81.2921 226.4753 14.99021001495018
SHELL-B-90702
1 90702U 26702A   26255.00000000  .00002000  00000-0  15000-3 0  9996
2 90702  70.0000  23.4072 0000675 240.5189 252.4294 14.99653917726223
SHELL-B-90703
1 90703U 26703A   26255.00000000  .00002000  00000-0  15000-3 0  9998
2 90703  70.0000  22.5343 0000125  25.2168 275.3865 14.99533008399569
SHELL-B-90704
1 90704U 26704A   26255.00000000  .00002000  00000-0  15000-3 0  9990
2 90704  70.0000  22.2229 0000115 170.1917 300.2834 14.98672207112236
SHELL-B-90705
1 90705U 26705A   26255.00000000  .00002000  00000-0  15000-3 0  9992
2 90705  70.0000  22.5877 0000686 330.9322 324.4685 14.98321037490679
SHELL-B-90706
1 90706U 26706A   26255.00000000  .00002000  00000-0  15000-3 0  9994
2 90706  70.0000  21.9652 0000861 282.8236 347.6899 14.98327416874372
SHELL-B-90707
1 90707U 26707A   26255.00000000  .00002000  00000-0  15000-3 0  9996
2 90707  70.0000  45.7682 0000768 148.1216  22.7006 14.98394252840813
SHELL-B-90708
1 90708U 26708A   26255.00000000  .00002000  00000-0  15000-3 0  9998
2 90708  70.0000  43.8077 0000381 311.3664  46.3955 14.98511847770989
SHELL-B-90709
1 90709U 26709A   26255.00000000  .00002000  00000-0  15000-3 0  9990
2 90709  70.0000  45.5359 0000442 211.9052  70.4679 14.99172743111996
SHELL-B-90710
1 90710U 26710A   26255.00000000  .00002000  00000-0  15000-3 0  9994
2 90710  70.0000  44.6023 0000824  38.6057  93.4458 14.99218127135442
SHELL-B-90711
1 90711U 26711A   26255.00000000  .00002000  00000-0  15000-3 0  9996
2 90711  70.0000  46.4680 0000850  55.0586 116.5212 14.99143840383945
SHELL-B-90712
1 90712U 26712A   26255.00000000  .00002000  00000-0  15000-3 0  9998
2 90712  70.0000  44.5472 0000048 101.8399 141.7767 14.98703943471369
SHELL-B-90713
1 90713U 26713A   26255.00000000  .00002000  00000-0  15000-3 0  9990
2 90713  70.0000  44.8613 0000460 157.6985 164.7188 14.99161123736059
SHELL-B-90714
1 90714U 26714A   26255.00000000  .00002000  00000-0  15000-3 0  9992
2 90714  70.0000  43.7561 0000213  71.8046 189.9428 14.98563934753679
SHELL-B-90715
1 90715U 26715A   26255.00000000  .00002000  00000-0  15000-3 0  9994
2 90715  70.0000  43.5897 0000585  89.2437 212.6576 14.98497406111574
SHELL-B-90716
1 90716U 26716A   26255.00000000  .00002000  00000-0  15000-3 0  9996
2 90716  70.0000  44.8916 0000073  16.9544 237.2467 14.98360696378891
SHELL-B-90717
1 90717U 26717A   26255.00000000  .00002000  00000-0  15000-3 0  9998
2 90717  70.0000  44.5464 0000128 219.4730 260.6426 14.98970348368889
SHELL-B-90718
1 90718U 26718A   26255.00000000  .00002000  00000-0  15000-3 0  9990
2 90718  70.0000  45.8320 0000089 264.5131 285.1501 14.99058768532093
SHELL-B-90719
1 90719U 26719A   26255.00000000  .00002000  00000-0  15000-3 0  9992
2 90719  70.0000  43.9442 0000670 107.0552 311.0645 14.99375614705656
SHELL-B-90720
1 90720U 26720A   26255.00000000  .00002000  00000-0  15000-3 0  9996
2 90720  70.0000  44.1602 0000325  86.8403 333.7592 14.98536566578930
SHELL-B-90721
1 90721U 26721A   26255.00000000  .00002000  00000-0  15000-3 0  9998
2 90721  70.0000  44.8952 0000381 254.3289 357.0229 14.99121787290294
SHELL-B-90722
1 90722U 26722A   26255.00000000  .00002000  00000-0  15000-3 0  9990
2 90722  70.0000  67.4564 0000004 118.2942  33.8585 14.99486491746095
SHELL-B-90723
1 90723U 26723A   26255.00000000  .00002000  00000-0  15000-3 0  9992
2 90723  70.0000  66.1196 0000858 236.9229  56.9313 14.98798906694897
SHELL-B-90724
1 90724U 26724A   26255.00000000  .00002000  00000-0  15000-3 0  9994
2 90724  70.0000  66.9317 0000250 300.4013  79.5400 14.98986629901941
SHELL-B-90725
1 90725U 26725A   26255.00000000  .00002000  00000-0  15000-3 0  9996
2 90725  70.0000  66.1766 0000745  80.8194 104.8912 14.99585646526421
SHELL-B-90726
1 90726U 26726A   26255.00000000  .00002000  00000-0  15000-3 0  9998
2 90726  70.0000  68.3103 0000561 142.4630 130.3174 14.99435955456442
SHELL-B-90727
1 90727U 26727A   26255.00000000  .00002000  00000-0  15000-3 0  9990
2 90727  70.0000  67.7210 0000037  31.1516 151.9627 14.98348413437903
SHELL-B-90728
1 90728U 26728A   26255.00000000  .00002000  00000-0  15000-3 0  9992
2 90728  70.0000  68.6284 0000814 190.8649 176.7258 14.98272084286815
SHELL-B-90729
1 90729U 26729A   26255.00000000  .00002000  00000-0  15000-3 0  9994
2 90729  70.0000  67.9341 0000283 103.4132 199.8395 14.99049153217204
SHELL-B-90730
1 90730U 26730A   26255.00000000  .00002000  00000-0  15000-3 0  9998
2 90730  70.0000  68.6454 0000242  79.5169 223.5791 14.99233472562226
SHELL-B-90731
1 90731U 26731A   26255.00000000  .00002000  00000-0  15000-3 0  9990
2 90731  70.0000  68.8821 0000223 117.2485 249.6246 14.99455629943460
SHELL-B-90732
1 90732U 26732A   26255.00000000  .00002000  00000-0  15000-3 0  9992
2 90732  70.0000  68.4709 0000881 322.0993 272.2244 14.99549892180348
SHELL-B-90733
1 90733U 26733A   26255.00000000  .00002000  00000-0  15000-3 0  9994
2 90733  70.0000  68.9134 0000634 316.7057 297.7092 14.99713632220335
SHELL-B-90734
1 90734U 26734A   26255.00000000  .00002000  00000-0  15000-3 0  9996
2 90734  70.0000  68.9418 0000569 247.7950 320.2885 14.98581609 14770
SHELL-B-90735
1 90735U 26735A   26255.00000000  .00002000  00000-0  15000-3 0  9998
2 90735  70.0000  68.0633 0000278 290.0763 344.7897 14.98951543586979
SHELL-B-90736
1 90736U 26736A   26255.00000000  .00002000  00000-0  15000-3 0  9990
2 90736  70.0000  68.9763 0000447 299.6826   8.0664 14.99654657443528
SHELL-B-90737
1 90737U 26737A   26255.00000000  .00002000  00000-0  15000-3 0  9992
2 90737  70.0000  91.1443 0000122 249.2767  43.2169 14.99194641246475
SHELL-B-90738
1 90738U 26738A   26255.00000000  .00002000  00000-0  15000-3 0  9994
2 90738  70.0000  90.6804 0000517 224.6220  67.2105 14.98941821 10935
SHELL-B-90739
1 90739U 26739A   26255.00000000  .00002000  00000-0  15000-3 0  9996
2 90739  70.0000  89.0489 0000340 140.0495  91.3870 14.99010089496991
SHELL-B-90740
1 90740U 26740A   26255.00000000  .00002000  00000-0  15000-3 0  9990
2 90740  70.0000  90.4975 0000312 129.1650 115.8956 14.98973666251140
SHELL-B-90741
1 90741U 26741A   26255.00000000  .00002000  00000-0  15000-3 0  9992
2 90741  70.0000  91.4880 0000463 211.5508 139.5539 14.99500280852733
SHELL-B-90742
1 90742U 26742A   26255.00000000  .00002000  00000-0  15000-3 0  9994
2 90742  70.0000  90.8625 0000052 231.0771 165.3700 14.99166486989012
SHELL-B-90743
1 90743U 26743A   26255.00000000  .00002000  00000-0  15000-3 0  9996
2 90743  70.0000  89.7283 0000409  82.4679 187.1678 14.99667631236188
SHELL-B-90744
1 90744U 26744A   26255.00000000  .00002000  00000-0  15000-3 0  9998
2 90744  70.0000  88.6531 0000022 140.3111 211.5852 14.99044991980145
SHELL-B-90745
1 90745U 26745A   26255.00000000  .00002000  00000-0  15000-3 0  9990
2 90745  70.0000  89.7516 0000804 202.7975 235.3597 14.98651308364185
SHELL-B-90746
1 90746U 26746A   26255.00000000  .00002000  00000-0  15000-3 0  9992
2 90746  70.0000  89.1625 0000023  28.4469 260.1944 14.98974160941249
SHELL-B-90747
1 90747U 26747A   26255.00000000  .00002000  00000-0  15000-3 0  9994
2 90747  70.0000  89.2404 0000631 282.0984 282.8029 14.98602207684004
SHELL-B-90748
1 90748U 26748A   26255.00000000  .00002000  00000-0  15000-3 0  9996
2 90748  70.0000  91.4390 0000828 182.3375 309.1511 14.99691430235770
SHELL-B-90749
1 90749U 26749A   26255.00000000  .00002000  00000-0  15000-3 0  9998
2 90749  70.0000  90.4161 0000247 175.9586 332.1319 14.99251774483515
SHELL-B-90750
1 90750U 26750A   26255.00000000  .00002000  00000-0  15000-3 0  9992
2 90750  70.0000  89.7050 0000675 196.2253 356.4867 14.99426808724581
SHELL-B-90751
1 90751U 26751A   26255.00000000  .00002000  00000-0  15000-3 0  9994
2 90751  70.0000  91.1402 0000388 302.1629  18.8017 14.98889671663810
SHELL-B-90752
1 90752U 26752A   26255.00000000  .00002000  00000-0  15000-3 0  9996
2 90752  70.0000 111.8022 0000667   1.1041  55.5309 14.98589085866311
SHELL-B-90753
1 90753U 26753A   26255.00000000  .00002000  00000-0  15000-3 0  9998
2 90753  70.0000 111.7209 0000475   4.6228  79.9085 14.98559770565180
SHELL-B-90754
1 90754U 26754A   26255.00000000  .00002000  00000-0  15000-3 0  9990
2 90754  70.0000 113.9340 0000520  15.0774 103.5791 14.99679750209853
SHELL-B-90755
1 90755U 26755A   26255.00000000  .00002000  00000-0  15000-3 0  9992
2 90755  70.0000 112.2879 0000793 176.0502 127.1106 14.98835468477658
SHELL-B-90756
1 90756U 26756A   26255.00000000  .00002000  00000-0  15000-3 0  9994
2 90756  70.0000 113.7472 0000852 135.0487 150.2308 14.99045950465048
SHELL-B-90757
1 90757U 26757A   26255.00000000  .00002000  00000-0  15000-3 0  9996
2 90757  70.0000 113.6541 0000308 123.1000 173.9215 14.98510908 29145
SHELL-B-90758
1 90758U 26758A   26255.00000000  .00002000  00000-0  15000-3 0  9998
2 90758  70.0000 113.3192 0000216 112.9385 199.1289 14.98619644852103
SHELL-B-90759
1 90759U 26759A   26255.00000000  .00002000  00000-0  15000-3 0  9990
2 90759  70.0000 111.3172 0000479  93.4001 222.9290 14.98323419339197
SHELL-B-90760
1 90760U 26760A   26255.00000000  .00002000  00000-0  15000-3 0  9994
2 90760  70.0000 112.3969 0000396  21.0389 246.5829 14.99507062235822
SHELL-B-90761
1 90761U 26761A   26255.00000000  .00002000  00000-0  15000-3 0  9996
2 90761  70.0000 111.6703 0000229  99.0648 271.7303 14.99553255150276
SHELL-B-90762
1 90762U 26762A   26255.00000000  .00002000  00000-0  15000-3 0  9998
2 90762  70.0000 113.2121 0000124 256.8332 295.0822 14.98965814154799
SHELL-B-90763
1 90763U 26763A   26255.00000000  .00002000  00000-0  15000-3 0  9990
2 90763  70.0000 112.4913 0000171 229.8953 318.6401 14.98785324524850
SHELL-B-90764
1 90764U 26764A   26255.00000000  .00002000  00000-0  15000-3 0  9992
2 90764  70.0000 113.2428 0000105 180.7654 342.5531 14.98580784433606
SHELL-B-90765
1 90765U 26765A   26255.00000000  .00002000  00000-0  15000-3 0  9994
2 90765  70.0000 111.4151 0000726  61.1483   6.8121 14.99238815995010
SHELL-B-90766
1 90766U 26766A   26255.00000000  .00002000  00000-0  15000-3 0  9996
2 90766  70.0000 111.4531 0000629 192.8539  29.9177 14.99621386381384
SHELL-B-90767
1 90767U 26767A   26255.00000000  .00002000  00000-0  15000-3 0  9998
2 90767  70.0000 135.9135 0000096 280.4838  66.4723 14.99004378625010
SHELL-B-90768
1 90768U 26768A   26255.00000000  .00002000  00000-0  15000-3 0  9990
2 90768  70.0000 134.0555 0000429 177.7687  89.2694 14.98574087 84171
SHELL-B-90769
1 90769U 26769A   26255.00000000  .00002000  00000-0  15000-3 0  9992
2 90769  70.0000 134.6605 0000613  73.9272 113.3101 14.99442939 46256
SHELL-B-90770
1 90770U 26770A   26255.00000000  .00002000  00000-0  15000-3 0  9996
2 90770  70.0000 136.1360 0000272 281.6931 136.7416 14.99303188669570
SHELL-B-90771
1 90771U 26771A   26255.00000000  .00002000  00000-0  15000-3 0  9998
2 90771  70.0000 133.7245 0000270 281.6994 162.6457 14.99693658 94336
SHELL-B-90772
1 90772U 26772A   26255.00000000  .00002000  00000-0  15000-3 0  9990
2 90772  70.0000 135.5338 0000294  47.5833 185.2759 14.98350931344952
SHELL-B-90773
1 90773U 26773A   26255.00000000  .00002000  00000-0  15000-3 0  9992
2 90773  70.0000 134.0595 0000726  25.9570 210.9515 14.99059959764331
SHELL-B-90774
1 90774U 26774A   26255.00000000  .00002000  00000-0  15000-3 0  9994
2 90774  70.0000 134.3248 0000065 122.8255 234.9469 14.99421688655990
SHELL-B-90775
1 90775U 26775A   26255.00000000  .00002000  00000-0  15000-3 0  9996
2 90775  70.0000 134.1678 0000876 335.7315 257.8272 14.98325490953998
SHELL-B-90776
1 90776U 26776A   26255.00000000  .00002000  00000-0  15000-3 0  9998
2 90776  70.0000 133.5353 0000450 305.0795 282.0975 14.98811840373526
SHELL-B-90777
1 90777U 26777A   26255.00000000  .00002000  00000-0  15000-3 0  9990
2 90777  70.0000 135.8881 0000585 321.7284 306.0868 14.98675950330223
SHELL-B-90778
1 90778U 26778A   26255.00000000  .00002000  00000-0  15000-3 0  9992
2 90778  70.0000 135.7736 0000136 293.0054 329.9831 14.98762453796146
SHELL-B-90779
1 90779U 26779A   26255.00000000  .00002000  00000-0  15000-3 0  9994
2 90779  70.0000 136.0051 0000810 139.1684 354.6023 14.98934373384333
SHELL-B-90780
1 90780U 26780A   26255.00000000  .00002000  00000-0  15000-3 0  9998
2 90780  70.0000 134.5085 0000262 142.1236  18.3687 14.98738438164940
SHELL-B-90781
1 90781U 26781A   26255.00000000  .00002000  00000-0  15000-3 0  9990
2 90781  70.0000 136.1390 0000616  19.6017  40.9709 14.99039892704985
SHELL-B-90782
1 90782U 26782A   26255.00000000  .00002000  00000-0  15000-3 0  9992
2 90782  70.0000 156.6002 0000685 183.4108  78.1826 14.99539003130334
SHELL-B-90783
1 90783U 26783A   26255.00000000  .00002000  00000-0  15000-3 0  9994
2 90783  70.0000 157.3060 0000896 297.9308 102.1526 14.98261971717852
SHELL-B-90784
1 90784U 26784A   26255.00000000  .00002000  00000-0  15000-3 0  9996
2 90784  70.0000 158.4359 0000468 241.8774 125.9174 14.99621864466075
SHELL-B-90785
1 90785U 26785A   26255.00000000  .00002000  00000-0  15000-3 0  9998
2 90785  70.0000 158.5441 0000567  93.3705 149.5223 14.99609890742487
SHELL-B-90786
1 90786U 26786A   26255.00000000  .00002000  00000-0  15000-3 0  9990
2 90786  70.0000 156.3595 0000869 226.0072 174.1255 14.99640587283578
SHELL-B-90787
1 90787U 26787A   26255.00000000  .00002000  00000-0  15000-3 0  9992
2 90787  70.0000 156.7739 0000543 329.1783 196.9804 14.99406344856384
SHELL-B-90788
1 90788U 26788A   26255.00000000  .00002000  00000-0  15000-3 0  9994
2 90788  70.0000 157.0893 0000190   7.5563 219.7038 14.98840301671361
SHELL-B-90789
1 90789U 26789A   26255.00000000  .00002000  00000-0  15000-3 0  9996
2 90789  70.0000 158.7531 0000290  87.8623 244.0784 14.98776512725842
SHELL-B-90790
1 90790U 26790A   26255.00000000  .00002000  00000-0  15000-3 0  9990
2 90790  70.0000 156.6051 0000281 241.4751 269.5134 14.98330627468453
SHELL-B-90791
1 90791U 26791A   26255.00000000  .00002000  00000-0  15000-3 0  9992
2 90791  70.0000 156.0285 0000233  92.5982 293.8434 14.98279594413093
SHELL-B-90792
1 90792U 26792A   26255.00000000  .00002000  00000-0  15000-3 0  9994
2 90792  70.0000 157.9159 0000282 160.4922 316.5668 14.98885066193833
SHELL-B-90793
1 90793U 26793A   26255.00000000  .00002000  00000-0  15000-3 0  9996
2 90793  70.0000 158.2252 0000150 327.9946 341.9990 14.99038958547645
SHELL-B-90794
1 90794U 26794A   26255.00000000  .00002000  00000-0  15000-3 0  9998
2 90794  70.0000 157.3127 0000676 342.4403   4.4826 14.99066881811010
SHELL-B-90795
1 90795U 26795A   26255.00000000  .00002000  00000-0  15000-3 0  9990
2 90795  70.0000 156.0736 0000701 317.4173  28.0532 14.99478831975512
SHELL-B-90796
1 90796U 26796A   26255.00000000  .00002000  00000-0  15000-3 0  9992
2 90796  70.0000 158.3381 0000129 115.7862  52.8157 14.98969950265529
SHELL-B-90797
1 90797U 26797A   26255.00000000  .00002000  00000-0  15000-3 0  9994
2 90797  70.0000 178.7914 0000646  14.9678  88.8531 14.98846163143011
SHELL-B-90798
1 90798U 26798A   26255.00000000  .00002000  00000-0  15000-3 0  9996
2 90798  70.0000 178.7279 0000136 242.8260 112.4668 14.99172881741489
SHELL-B-90799
1 90799U 26799A   26255.00000000  .00002000  00000-0  15000-3 0  9998
2 90799  70.0000 178.8990 0000599 119.1858 134.8853 14.98541180626457
SHELL-B-90800
1 90800U 26800A   26255.00000000  .00002000  00000-0  15000-3 0  9994
2 90800  70.0000 179.2529 0000362 266.8041 160.6236 14.98918900664581
SHELL-B-90801
1 90801U 26801A   26255.00000000  .00002000  00000-0  15000-3 0  9996
2 90801  70.0000 181.2162 0000687  13.6005 185.2852 14.99574952313490
SHELL-B-90802
1 90802U 26802A   26255.00000000  .00002000  00000-0  15000-3 0  9998
2 90802  70.0000 181.4627 0000083 136.2072 209.0548 14.99579890684983
SHELL-B-90803
1 90803U 26803A   26255.00000000  .00002000  00000-0  15000-3 0  9990
2 90803  70.0000 180.8790 0000277 131.2235 231.7693 14.99018403845361
SHELL-B-90804
1 90804U 26804A   26255.00000000  .00002000  00000-0  15000-3 0  9992
2 90804  70.0000 179.7825 0000197 232.7979 257.2412 14.98313113427768
SHELL-B-90805
1 90805U 26805A   26255.00000000  .00002000  00000-0  15000-3 0  9994
2 90805  70.0000 181.4821 0000090 231.9059 279.8879 14.98959660 34761
SHELL-B-90806
1 90806U 26806A   26255.00000000  .00002000  00000-0  15000-3 0  9996
2 90806  70.0000 181.3925 0000283 216.1459 303.9049 14.98475510637943
SHELL-B-90807
1 90807U 26807A   26255.00000000  .00002000  00000-0  15000-3 0  9998
2 90807  70.0000 180.7536 0000849 331.7680 327.2736 14.99716804 13870
SHELL-B-90808
1 90808U 26808A   26255.00000000  .00002000  00000-0  15000-3 0  9990
2 90808  70.0000 180.2186 0000660 282.7937 351.1354 14.98735779861973
SHELL-B-90809
1 90809U 26809A   26255.00000000  .00002000  00000-0  15000-3 0  9992
2 90809  70.0000 181.4035 0000485 197.5355  17.4332 14.99349300750463
SHELL-B-90810
1 90810U 26810A   26255.00000000  .00002000  00000-0  15000-3 0  9996
2 90810  70.0000 181.4744 0000685  46.1411  38.5730 14.98779102893310
SHELL-B-90811
1 90811U 26811A   26255.00000000  .00002000  00000-0  15000-3 0  9998
2 90811  70.0000 179.7827 0000434  10.5606  64.6450 14.99479836410749
SHELL-B-90812
1 90812U 26812A   26255.00000000  .00002000  00000-0  15000-3 0  9990
2 90812  70.0000 201.7253 0000297  80.1094  99.1403 14.99235279659769
SHELL-B-90813
1 90813U 26813A   26255.00000000  .00002000  00000-0  15000-3 0  9992
2 90813  70.0000 203.4270 0000458 352.4281 124.1934 14.98820266538264
SHELL-B-90814
1 90814U 26814A   26255.00000000  .00002000  00000-0  15000-3 0  9994
2 90814  70.0000 203.2770 0000126  76.4655 147.5040 14.98966381 30711
SHELL-B-90815
1 90815U 26815A   26255.00000000  .00002000  00000-0  15000-3 0  9996
2 90815  70.0000 202.4855 0000207  36.3135 170.0480 14.98885822307148
SHELL-B-90816
1 90816U 26816A   26255.00000000  .00002000  00000-0  15000-3 0  9998
2 90816  70.0000 203.0146 0000763 271.3893 195.6901 14.98890039551607
SHELL-B-90817
1 90817U 26817A   26255.00000000  .00002000  00000-0  15000-3 0  9990
2 90817  70.0000 203.4121 0000517  29.7611 219.6717 14.98505790275472
SHELL-B-90818
1 90818U 26818A   26255.00000000  .00002000  00000-0  15000-3 0  9992
2 90818  70.0000 203.7034 0000390 294.9970 242.9156 14.99096239404577
SHELL-B-90819
1 90819U 26819A   26255.00000000  .00002000  00000-0  15000-3 0  9994
2 90819  70.0000 201.5553 0000368  40.4522 266.6677 14.99020202219305
SHELL-B-90820
1 90820U 26820A   26255.00000000  .00002000  00000-0  15000-3 0  9998
2 90820  70.0000 201.9518 0000817  60.4312 291.8757 14.99367820231370
SHELL-B-90821
1 90821U 26821A   26255.00000000  .00002000  00000-0  15000-3 0  9990
2 90821  70.0000 202.6639 0000644 334.0026 313.6312 14.99193328409426
SHELL-B-90822
1 90822U 26822A   26255.00000000  .00002000  00000-0  15000-3 0  9992
2 90822  70.0000 202.1963 0000662 339.2466 340.3678 14.99629294212832
SHELL-B-90823
1 90823U 26823A   26255.00000000  .00002000  00000-0  15000-3 0  9994
2 90823  70.0000 201.8863 0000785 144.1996   2.3370 14.98805522451822
SHELL-B-90824
1 90824U 26824A   26255.00000000  .00002000  00000-0  15000-3 0  9996
2 90824  70.0000 201.7397 0000587   5.1571  26.0819 14.99509623200714
SHELL-B-90825
1 90825U 26825A   26255.00000000  .00002000  00000-0  15000-3 0  9998
2 90825  70.0000 201.4909 0000699 193.8640  51.0851 14.99536923278113
SHELL-B-90826
1 90826U 26826A   26255.00000000  .00002000  00000-0  15000-3 0  9990
2 90826  70.0000 202.1695 0000584  61.8292  74.2229 14.98561003861079
SHELL-B-90827
1 90827U 26827A   26255.00000000  .00002000  00000-0  15000-3 0  9992
2 90827  70.0000 225.9590 0000662 183.2061 109.4351 14.98780559725487
SHELL-B-90828
1 90828U 26828A   26255.00000000  .00002000  00000-0  15000-3 0  9994
2 90828  70.0000 224.4840 0000052 291.0550 135.0285 14.99101930 51107
SHELL-B-90829
1 90829U 26829A   26255.00000000  .00002000  00000-0  15000-3 0  9996
2 90829  70.0000 223.6441 0000141 350.5761 156.6463 14.98489880 85005
SHELL-B-90830
1 90830U 26830A   26255.00000000  .00002000  00000-0  15000-3 0  9990
2 90830  70.0000 225.9890 0000013  29.3803 182.0956 14.99419095133923
SHELL-B-90831
1 90831U 26831A   26255.00000000  .00002000  00000-0  15000-3 0  9992
2 90831  70.0000 223.7083 0000890 322.7961 206.2012 14.98885580  7581
SHELL-B-90832
1 90832U 26832A   26255.00000000  .00002000  00000-0  15000-3 0  9994
2 90832  70.0000 226.2056 0000882 133.7504 229.7566 14.99017953512413
SHELL-B-90833
1 90833U 26833A   26255.00000000  .00002000  00000-0  15000-3 0  9996
2 90833  70.0000 225.0982 0000180  77.1333 252.7039 14.99351651555730
SHELL-B-90834
1 90834U 26834A   26255.00000000  .00002000  00000-0  15000-3 0  9998
2 90834  70.0000 225.1524 0000803  94.8407 277.5888 14.99727354147353
SHELL-B-90835
1 90835U 26835A   26255.00000000  .00002000  00000-0  15000-3 0  9990
2 90835  70.0000 223.7665 0000444 120.0991 301.3542 14.99111563680539
SHELL-B-90836
1 90836U 26836A   26255.00000000  .00002000  00000-0  15000-3 0  9992
2 90836  70.0000 226.1117 0000308 196.8959 324.7702 14.98272218960557
SHELL-B-90837
1 90837U 26837A   26255.00000000  .00002000  00000-0  15000-3 0  9994
2 90837  70.0000 223.6858 0000058 281.6128 348.7191 14.99249097972815
SHELL-B-90838
1 90838U 26838A   26255.00000000  .00002000  00000-0  15000-3 0  9996
2 90838  70.0000 224.2992 0000872 199.7291  14.8202 14.98738400426106
SHELL-B-90839
1 90839U 26839A   26255.00000000  .00002000  00000-0  15000-3 0  9998
2 90839  70.0000 224.7401 0000648  15.6649  38.3637 14.99598402512972
SHELL-B-90840
1 90840U 26840A   26255.00000000  .00002000  00000-0  15000-3 0  9992
2 90840  70.0000 224.6399 0000674 217.5817  63.3314 14.99259632119576
SHELL-B-90841
1 90841U 26841A   26255.00000000  .00002000  00000-0  15000-3 0  9994
2 90841  70.0000 224.0399 0000141  96.7780  84.9317 14.99701623534852
SHELL-B-90842
1 90842U 26842A   26255.00000000  .00002000  00000-0  15000-3 0  9996
2 90842  70.0000 247.6693 0000775  97.3133 120.8483 14.98522589 95579
SHELL-B-90843
1 90843U 26843A   26255.00000000  .00002000  00000-0  15000-3 0  9998
2 90843  70.0000 246.7771 0000243 355.3131 146.0315 14.99655939314904
SHELL-B-90844
1 90844U 26844A   26255.00000000  .00002000  00000-0  15000-3 0  9990
2 90844  70.0000 246.7991 0000198 345.2120 169.9052 14.99092629297198
SHELL-B-90845
1 90845U 26845A   26255.00000000  .00002000  00000-0  15000-3 0  9992
2 90845  70.0000 248.9207 0000750  20.3608 192.3952 14.98975802485593
SHELL-B-90846
1 90846U 26846A   26255.00000000  .00002000  00000-0  15000-3 0  9994
2 90846  70.0000 246.8340 0000284 209.9986 217.2812 14.98876194874593
SHELL-B-90847
1 90847U 26847A   26255.00000000  .00002000  00000-0  15000-3 0  9996
2 90847  70.0000 248.1094 0000017  31.6406 240.0649 14.99091689 88224
SHELL-B-90848
1 90848U 26848A   26255.00000000  .00002000  00000-0  15000-3 0  9998
2 90848  70.0000 248.4973 0000652   0.2756 264.2109 14.98386704 10328
SHELL-B-90849
1 90849U 26849A   26255.00000000  .00002000  00000-0  15000-3 0  9990
2 90849  70.0000 246.1087 0000616 275.4936 289.1882 14.99654037 30409
SHELL-B-90850
1 90850U 26850A   26255.00000000  .00002000  00000-0  15000-3 0  9994
2 90850  70.0000 246.4794 0000427 130.8018 313.3922 14.98282952 97594
SHELL-B-90851
1 90851U 26851A   26255.00000000  .00002000  00000-0  15000-3 0  9996
2 90851  70.0000 247.9874 0000265 214.2506 336.0005 14.99502315304256
SHELL-B-90852
1 90852U 26852A   26255.00000000  .00002000  00000-0  15000-3 0  9998
2 90852  70.0000 247.5078 0000571 332.2855   0.9752 14.98332036634787
SHELL-B-90853
1 90853U 26853A   26255.00000000  .00002000  00000-0  15000-3 0  9990
2 90853  70.0000 248.5579 0000257 243.7040  25.9871 14.99463668768164
SHELL-B-90854
1 90854U 26854A   26255.00000000  .00002000  00000-0  15000-3 0  9992
2 90854  70.0000 247.1107 0000619 266.1653  48.6356 14.99050911536153
SHELL-B-90855
1 90855U 26855A   26255.00000000  .00002000  00000-0  15000-3 0  9994
2 90855  70.0000 247.1836 0000679 222.5879  74.4364 14.98961527908179
SHELL-B-90856
1 90856U 26856A   26255.00000000  .00002000  00000-0  15000-3 0  9996
2 90856  70.0000 246.7868 0000437  33.7647  96.8272 14.99061258326787
SHELL-B-90857
1 90857U 26857A   26255.00000000  .00002000  00000-0  15000-3 0  9998
2 90857  70.0000 271.0030 0000248  45.9435 132.4756 14.98766665 78455
SHELL-B-90858
1 90858U 26858A   26255.00000000  .00002000  00000-0  15000-3 0  9990
2 90858  70.0000 269.7191 0000574 133.4342 156.9375 14.98476117118059
SHELL-B-90859
1 90859U 26859A   26255.00000000  .00002000  00000-0  15000-3 0  9992
2 90859  70.0000 268.6045 0000011 292.8480 179.0143 14.99645612 24802
SHELL-B-90860
1 90860U 26860A   26255.00000000  .00002000  00000-0  15000-3 0  9996
2 90860  70.0000 269.9093 0000326 320.1315 205.3681 14.98477613656547
SHELL-B-90861
1 90861U 26861A   26255.00000000  .00002000  00000-0  15000-3 0  9998
2 90861  70.0000 269.7400 0000822  81.7917 227.6004 14.99415555465820
SHELL-B-90862
1 90862U 26862A   26255.00000000  .00002000  00000-0  15000-3 0  9990
2 90862  70.0000 268.6109 0000435 195.3294 253.2494 14.99637122788489
SHELL-B-90863
1 90863U 26863A   26255.00000000  .00002000  00000-0  15000-3 0  9992
2 90863  70.0000 268.5053 0000384  24.2605 277.3337 14.98331397294306
SHELL-B-90864
1 90864U 26864A   26255.00000000  .00002000  00000-0  15000-3 0  9994
2 90864  70.0000 268.8855 0000383 257.2586 299.6542 14.98557073762738
SHELL-B-90865
1 90865U 26865A   26255.00000000  .00002000  00000-0  15000-3 0  9996
2 90865  70.0000 268.5133 0000831 248.4757 322.8211 14.99386798717530
SHELL-B-90866
1 90866U 26866A   26255.00000000  .00002000  00000-0  15000-3 0  9998
2 90866  70.0000 269.8076 0000893  23.4273 347.3089 14.98671572254147
SHELL-B-90867
1 90867U 26867A   26255.00000000  .00002000  00000-0  15000-3 0  9990
2 90867  70.0000 268.5658 0000132 135.3823  12.2983 14.98865464563600
SHELL-B-90868
1 90868U 26868A   26255.00000000  .00002000  00000-0  15000-3 0  9992
2 90868  70.0000 268.6578 0000117 207.4579  37.1887 14.98360090870835
SHELL-B-90869
1 90869U 26869A   26255.00000000  .00002000  00000-0  15000-3 0  9994
2 90869  70.0000 270.5762 0000180 204.6672  61.1048 14.99553815268495
SHELL-B-90870
1 90870U 26870A   26255.00000000  .00002000  00000-0  15000-3 0  9998
2 90870  70.0000 268.6813 0000322 270.0686  84.2101 14.99700699422304
SHELL-B-90871
1 90871U 26871A   26255.00000000  .00002000  00000-0  15000-3 0  9990
2 90871  70.0000 268.8218 0000229  87.6710 109.0360 14.99557669 19326
SHELL-B-90872
1 90872U 26872A   26255.00000000  .00002000  00000-0  15000-3 0  9992
2 90872  70.0000 291.0546 0000304  93.5605 141.6260 14.99086674552148
SHELL-B-90873
1 90873U 26873A   26255.00000000  .00002000  00000-0  15000-3 0  9994
2 90873  70.0000 292.7242 0000795  90.9443 166.7680 14.99125944709068
SHELL-B-90874
1 90874U 26874A   26255.00000000  .00002000  00000-0  15000-3 0  9996
2 90874  70.0000 291.3305 0000765 309.2025 189.8321 14.99078284405293
SHELL-B-90875
1 90875U 26875A   26255.00000000  .00002000  00000-0  15000-3 0  9998
2 90875  70.0000 291.9292 0000772 181.8489 215.6201 14.98759782504340
SHELL-B-90876
1 90876U 26876A   26255.00000000  .00002000  00000-0  15000-3 0  9990
2 90876  70.0000 292.8094 0000439 346.8564 238.6625 14.99467199515973
SHELL-B-90877
1 90877U 26877A   26255.00000000  .00002000  00000-0  15000-3 0  9992
2 90877  70.0000 292.6612 0000271 142.9376 262.3988 14.99411536371002
SHELL-B-90878
1 90878U 26878A   26255.00000000  .00002000  00000-0  15000-3 0  9994
2 90878  70.0000 292.5956 0000820  15.0497 287.4535 14.98254925767402
SHELL-B-90879
1 90879U 26879A   26255.00000000  .00002000  00000-0  15000-3 0  9996
2 90879  70.0000 292.2491 0000495 353.1511 309.6078 14.99667429645081
SHELL-B-90880
1 90880U 26880A   26255.00000000  .00002000  00000-0  15000-3 0  9990
2 90880  70.0000 291.6716 0000220   3.3091 335.8137 14.99046635710281
SHELL-B-90881
1 90881U 26881A   26255.00000000  .00002000  00000-0  15000-3 0  9992
2 90881  70.0000 291.1194 0000576  96.6202 358.3392 14.98381583764195
SHELL-B-90882
1 90882U 26882A   26255.00000000  .00002000  00000-0  15000-3 0  9994
2 90882  70.0000 291.0570 0000745 185.1384  23.9895 14.98345069559808
SHELL-B-90883
1 90883U 26883A   26255.00000000  .00002000  00000-0  15000-3 0  9996
2 90883  70.0000 292.5370 0000128  18.1960  46.1222 14.99614287150825
SHELL-B-90884
1 90884U 26884A   26255.00000000  .00002000  00000-0  15000-3 0  9998
2 90884  70.0000 292.8520 0000507  85.6731  70.2926 14.99087409909463
SHELL-B-90885
1 90885U 26885A   26255.00000000  .00002000  00000-0  15000-3 0  9990
2 90885  70.0000 293.1716 0000849 138.2789  95.1652 14.98276809330915
SHELL-B-90886
1 90886U 26886A   26255.00000000  .00002000  00000-0  15000-3 0  9992
2 90886  70.0000 291.0584 0000427 174.6265 117.5333 14.99695562741172
SHELL-B-90887
1 90887U 26887A   26255.00000000  .00002000  00000-0  15000-3 0  9994
2 90887  70.0000 314.5372 0000412  36.6236 154.0175 14.99025231511140
SHELL-B-90888
1 90888U 26888A   26255.00000000  .00002000  00000-0  15000-3 0  9996
2 90888  70.0000 315.1389 0000717 188.8151 177.8896 14.99389187159650
SHELL-B-90889
1 90889U 26889A   26255.00000000  .00002000  00000-0  15000-3 0  9998
2 90889  70.0000 315.6758 0000557 311.8193 201.5976 14.99405769 14460
SHELL-B-90890
1 90890U 26890A   26255.00000000  .00002000  00000-0  15000-3 0  9992
2 90890  70.0000 313.9023 0000590 102.8585 226.5647 14.98783541906567
SHELL-B-90891
1 90891U 26891A   26255.00000000  .00002000  00000-0  15000-3 0  9994
2 90891  70.0000 313.9484 0000701  77.8843 248.5628 14.99114363273696
SHELL-B-90892
1 90892U 26892A   26255.00000000  .00002000  00000-0  15000-3 0  9996
2 90892  70.0000 315.5241 0000241  31.0143 274.0620 14.99330742352426
SHELL-B-90893
1 90893U 26893A   26255.00000000  .00002000  00000-0  15000-3 0  9998
2 90893  70.0000 314.7455 0000213  13.2571 297.2368 14.99279452198560
SHELL-B-90894
1 90894U 26894A   26255.00000000  .00002000  00000-0  15000-3 0  9990
2 90894  70.0000 314.0198 0000884 341.7722 322.3398 14.98478965749024
SHELL-B-90895
1 90895U 26895A   26255.00000000  .00002000  00000-0  15000-3 0  9992
2 90895  70.0000 316.3751 0000837 100.2270 345.2839 14.99626382207683
SHELL-B-90896
1 90896U 26896A   26255.00000000  .00002000  00000-0  15000-3 0  9994
2 90896  70.0000 314.1746 0000367  96.0224  11.3444 14.99099014905968
SHELL-B-90897
1 90897U 26897A   26255.00000000  .00002000  00000-0  15000-3 0  9996
2 90897  70.0000 314.0616 0000775 184.9279  33.5969 14.98498051166335
SHELL-B-90898
1 90898U 26898A   26255.00000000  .00002000  00000-0  15000-3 0  9998
2 90898  70.0000 313.5568 0000809 157.1933  59.4789 14.98449920739955
SHELL-B-90899
1 90899U 26899A   26255.00000000  .00002000  00000-0  15000-3 0  9990
2 90899  70.0000 314.4437 0000479 258.2744  82.2538 14.99378207632775
SHELL-B-90900
1 90900U 26900A   26255.00000000  .00002000  00000-0  15000-3 0  9996
2 90900  70.0000 315.3449 0000496 152.1673 105.3451 14.99231769751496
SHELL-B-90901
1 90901U 26901A   26255.00000000  .00002000  00000-0  15000-3 0  9998
2 90901  70.0000 313.8393 0000033 111.5733 129.9146 14.98626359192912
SHELL-B-90902
1 90902U 26902A   26255.00000000  .00002000  00000-0  15000-3 0  9990
2 90902  70.0000 338.6676 0000321  54.4818 165.3094 14.99410725502090
SHELL-B-90903
1 90903U 26903A   26255.00000000  .00002000  00000-0  15000-3 0  9992
2 90903  70.0000 336.0687 0000343 277.0900 187.9291 14.98435027473934
SHELL-B-90904
1 90904U 26904A   26255.00000000  .00002000  00000-0  15000-3 0  9994
2 90904  70.0000 336.3423 0000677 278.5853 213.9575 14.98726021234600
SHELL-B-90905
1 90905U 26905A   26255.00000000  .00002000  00000-0  15000-3 0  9996
2 90905  70.0000 337.1482 0000363  20.2282 236.6853 14.99342815469668
SHELL-B-90906
1 90906U 26906A   26255.00000000  .00002000  00000-0  15000-3 0  9998
2 90906  70.0000 338.5278 0000048 117.1468 260.1227 14.99348100809106
SHELL-B-90907
1 90907U 26907A   26255.00000000  .00002000  00000-0  15000-3 0  9990
2 90907  70.0000 337.6525 0000221 298.6846 283.6016 14.99695339967324
SHELL-B-90908
1 90908U 26908A   26255.00000000  .00002000  00000-0  15000-3 0  9992
2 90908  70.0000 338.8942 0000801  82.9498 310.1382 14.98438751495478
SHELL-B-90909
1 90909U 26909A   26255.00000000  .00002000  00000-0  15000-3 0  9994
2 90909  70.0000 338.6535 0000490 130.8216 331.8912 14.99574575978145
SHELL-B-90910
1 90910U 26910A   26255.00000000  .00002000  00000-0  15000-3 0  9998
2 90910  70.0000 336.2730 0000283 305.8931 357.2234 14.99049515949740
SHELL-B-90911
1 90911U 26911A   26255.00000000  .00002000  00000-0  15000-3 0  9990
2 90911  70.0000 336.7984 0000497 108.6979  19.6338 14.99482395563940
SHELL-B-90912
1 90912U 26912A   26255.00000000  .00002000  00000-0  15000-3 0  9992
2 90912  70.0000 336.5158 0000156 200.6625  45.5083 14.99579747834310
SHELL-B-90913
1 90913U 26913A   26255.00000000  .00002000  00000-0  15000-3 0  9994
2 90913  70.0000 336.1409 0000017  78.6757  67.5271 14.99427045479312
SHELL-B-90914
1 90914U 26914A   26255.00000000  .00002000  00000-0  15000-3 0  9996
2 90914  70.0000 336.0474 0000627  66.4098  94.2912 14.99073650 43702
SHELL-B-90915
1 90915U 26915A   26255.00000000  .00002000  00000-0  15000-3 0  9998
2 90915  70.0000 337.3259 0000504  81.0434 117.2768 14.98470013191497
SHELL-B-90916
1 90916U 26916A   26255.00000000  .00002000  00000-0  15000-3 0  9990
2 90916  70.0000 336.7461 0000817 352.0489 140.5619 14.98641487165742
SHELL-C-90917
1 90917U 26917A   26255.00000000  .00002000  00000-0  15000-3 0  9992
2 90917  87.9000   1.3019 0000465  81.8758 359.6592 13.16436341 49945
SHELL-C-90918
1 90918U 26918A   26255.00000000  .00002000  00000-0  15000-3 0  9994
2 90918  87.9000   0.0587 0000136 352.9271  25.9784 13.16222969497604
SHELL-C-90919
1 90919U 26919A   26255.00000000  .00002000  00000-0  15000-3 0  9996
2 90919  87.9000   0.3451 0000324 272.2755  50.7417 13.15925643222948
SHELL-C-90920
1 90920U 26920A   26255.00000000  .00002000  00000-0  15000-3 0  9990
2 90920  87.9000 359.2512 0000073 185.8680  76.9615 13.16584600115879
SHELL-C-90921
1 90921U 26921A   26255.00000000  .00002000  00000-0  15000-3 0  9992
2 90921  87.9000   0.7639 0000513 118.0200 102.5661 13.16037151796543
SHELL-C-90922
1 90922U 26922A   26255.00000000  .00002000  00000-0  15000-3 0  9994
2 90922  87.9000   0.0571 0000557 130.3464 127.5393 13.16564226373671
SHELL-C-90923
1 90923U 26923A   26255.00000000  .00002000  00000-0  15000-3 0  9996
2 90923  87.9000 358.5945 0000511 258.5349 153.1489 13.16467283390207
SHELL-C-90924
1 90924U 26924A   26255.00000000  .00002000  00000-0  15000-3 0  9998
2 90924  87.9000   0.7316 0000619 253.9355 178.6309 13.16299557 66380
SHELL-C-90925
1 90925U 26925A   26255.00000000  .00002000  00000-0  15000-3 0  9990
2 90925  87.9000   1.4969 0000567 163.6130 207.1997 13.16458824 47220
SHELL-C-90926
1 90926U 26926A   26255.00000000  .00002000  00000-0  15000-3 0  9992
2 90926  87.9000   0.0332 0000353 302.2430 232.2580 13.16473198 98793
SHELL-C-90927
1 90927U 26927A   26255.00000000  .00002000  00000-0  15000-3 0  9994
2 90927  87.9000   0.7107 0000475  72.8953 256.8371 13.15443288922697
SHELL-C-90928
1 90928U 26928A   26255.00000000  .00002000  00000-0  15000-3 0  9996
2 90928  87.9000 358.7903 0000821 295.8776 282.0340 13.16056055727258
SHELL-C-90929
1 90929U 26929A   26255.00000000  .00002000  00000-0  15000-3 0  9998
2 90929  87.9000 359.5119 0000234 236.4372 308.0343 13.15832769251389
SHELL-C-90930
1 90930U 26930A   26255.00000000  .00002000  00000-0  15000-3 0  9992
2 90930  87.9000   0.2068 0000812   0.1316 335.1344 13.16327719159250
SHELL-C-90931
1 90931U 26931A   26255.00000000  .00002000  00000-0  15000-3 0  9994
2 90931  87.9000  25.0782 0000014 147.2911  10.3628 13.15458681274287
SHELL-C-90932
1 90932U 26932A   26255.00000000  .00002000  00000-0  15000-3 0  9996
2 90932  87.9000  25.9914 0000300 177.4470  36.8694 13.16289113473669
SHELL-C-90933
1 90933U 26933A   26255.00000000  .00002000  00000-0  15000-3 0  9998
2 90933  87.9000  26.2700 0000348  15.5598  63.6390 13.15849093722961
SHELL-C-90934
1 90934U 26934A   26255.00000000  .00002000  00000-0  15000-3 0  9990
2 90934  87.9000  26.5031 0000844  14.9539  89.1054 13.15529492340976
SHELL-C-90935
1 90935U 26935A   26255.00000000  .00002000  00000-0  15000-3 0  9992
2 90935  87.9000  26.1960 0000770 147.7020 114.7338 13.15573573564283
SHELL-C-90936
1 90936U 26936A   26255.00000000  .00002000  00000-0  15000-3 0  9994
2 90936  87.9000  25.4716 0000095 212.5391 139.5024 13.16173249871686
SHELL-C-90937
1 90937U 26937A   26255.00000000  .00002000  00000-0  15000-3 0  9996
2 90937  87.9000  26.3776 0000652  76.5519 165.3997 13.16251000205838
SHELL-C-90938
1 90938U 26938A   26255.00000000  .00002000  00000-0  15000-3 0  9998
2 90938  87.9000  26.3310 0000117 230.1186 189.6785 13.16141498538413
SHELL-C-90939
1 90939U 26939A   26255.00000000  .00002000  00000-0  15000-3 0  9990
2 90939  87.9000  25.9189 0000873  92.7157 215.9526 13.15670476 95597
SHELL-C-90940
1 90940U 26940A   26255.00000000  .00002000  00000-0  15000-3 0  9994
2 90940  87.9000  26.1983 0000813 151.7535 242.3762 13.15370304569122
SHELL-C-90941
1 90941U 26941A   26255.00000000  .00002000  00000-0  15000-3 0  9996
2 90941  87.9000  25.9157 0000008 136.7527 268.0960 13.16331949535663
SHELL-C-90942
1 90942U 26942A   26255.00000000  .00002000  00000-0  15000-3 0  9998
2 90942  87.9000  26.6797 0000042 335.1546 292.5322 13.15675131124577
SHELL-C-90943
1 90943U 26943A   26255.00000000  .00002000  00000-0  15000-3 0  9990
2 90943  87.9000  25.3659 0000478 154.2245 318.1135 13.15800134123322
SHELL-C-90944
1 90944U 26944A   26255.00000000  .00002000  00000-0  15000-3 0  9992
2 90944  87.9000  27.0592 0000894 303.1819 346.6801 13.15378850231817
SHELL-C-90945
1 90945U 26945A   26255.00000000  .00002000  00000-0  15000-3 0  9994
2 90945  87.9000  50.9071 0000419 204.1218  23.4423 13.15619947555376
SHELL-C-90946
1 90946U 26946A   26255.00000000  .00002000  00000-0  15000-3 0  9996
2 90946  87.9000  52.3270 0000278 332.6642  48.3220 13.16651084303994
SHELL-C-90947
1 90947U 26947A   26255.00000000  .00002000  00000-0  15000-3 0  9998
2 90947  87.9000  52.1127 0000414 350.2883  73.8048 13.16338340543454
SHELL-C-90948
1 90948U 26948A   26255.00000000  .00002000  00000-0  15000-3 0  9990
2 90948  87.9000  51.0771 0000018 177.7765 100.2566 13.16472428348111
SHELL-C-90949
1 90949U 26949A   26255.00000000  .00002000  00000-0  15000-3 0  9992
2 90949  87.9000  51.5339 0000129  95.2130 126.2931 13.15817521329074
SHELL-C-90950
1 90950U 26950A   26255.00000000  .00002000  00000-0  15000-3 0  9996
2 90950  87.9000  52.0470 0000671 303.5644 150.4729 13.16407956989822
SHELL-C-90951
1 90951U 26951A   26255.00000000  .00002000  00000-0  15000-3 0  9998
2 90951  87.9000  52.2523 0000753  14.8471 176.6992 13.15996505 35023
SHELL-C-90952
1 90952U 26952A   26255.00000000  .00002000  00000-0  15000-3 0  9990
2 90952  87.9000  50.6996 0000670 224.3199 203.2295 13.16659294956941
SHELL-C-90953
1 90953U 26953A   26255.00000000  .00002000  00000-0  15000-3 0  9992
2 90953  87.9000  52.6340 0000402 114.1206 228.3351 13.16625866965685
SHELL-C-90954
1 90954U 26954A   26255.00000000  .00002000  00000-0  15000-3 0  9994
2 90954  87.9000  51.5563 0000107 276.9251 252.2378 13.16303171101746
SHELL-C-90955
1 90955U 26955A   26255.00000000  .00002000  00000-0  15000-3 0  9996
2 90955  87.9000  52.5296 0000321 246.2261 279.7602 13.15466968836371
SHELL-C-90956
1 90956U 26956A   26255.00000000  .00002000  00000-0  15000-3 0  9998
2 90956  87.9000  51.1504 0000553 148.0610 306.2675 13.15745521242915
SHELL-C-90957
1 90957U 26957A   26255.00000000  .00002000  00000-0  15000-3 0  9990
2 90957  87.9000  50.6289 0000823 249.5867 330.3075 13.16589383801502
SHELL-C-90958
1 90958U 26958A   26255.00000000  .00002000  00000-0  15000-3 0  9992
2 90958  87.9000  52.5393 0000440 123.1238 357.2693 13.16449506430979
SHELL-C-90959
1 90959U 26959A   26255.00000000  .00002000  00000-0  15000-3 0  9994
2 90959  87.9000  75.8705 0000187  65.4528  32.6625 13.15790382553585
SHELL-C-90960
1 90960U 26960A   26255.00000000  .00002000  00000-0  15000-3 0  9998
2 90960  87.9000  75.7425 0000085 239.5812  57.9724 13.15855765734782
SHELL-C-90961
1 90961U 26961A   26255.00000000  .00002000  00000-0  15000-3 0  9990
2 90961  87.9000  78.5457 0000711   8.1465  85.8076 13.15438500185198
SHELL-C-90962
1 90962U 26962A   26255.00000000  .00002000  00000-0  15000-3 0  9992
2 90962  87.9000  75.9124 0000230 221.3830 109.2921 13.15659386864508
SHELL-C-90963
1 90963U 26963A   26255.00000000  .00002000  00000-0  15000-3 0  9994
2 90963  87.9000  78.5559 0000842 237.1371 134.4477 13.16616478877230
SHELL-C-90964
1 90964U 26964A   26255.00000000  .00002000  00000-0  15000-3 0  9996
2 90964  87.9000  76.0734 0000781 244.7404 160.0786 13.15966649733812
SHELL-C-90965
1 90965U 26965A   26255.00000000  .00002000  00000-0  15000-3 0  9998
2 90965  87.9000  75.9237 0000499 238.0006 187.3882 13.16151942932148
SHELL-C-90966
1 90966U 26966A   26255.00000000  .00002000  00000-0  15000-3 0  9990
2 90966  87.9000  77.2435 0000378  41.3248 213.3047 13.15829005415873
SHELL-C-90967
1 90967U 26967A   26255.00000000  .00002000  00000-0  15000-3 0  9992
2 90967  87.9000  76.8977 0000891 267.9475 238.7138 13.15721771775634
SHELL-C-90968
1 90968U 26968A   26255.00000000  .00002000  00000-0  15000-3 0  9994
2 90968  87.9000  77.8097 0000082  42.8351 265.2242 13.15978551993378
SHELL-C-90969
1 90969U 26969A   26255.00000000  .00002000  00000-0  15000-3 0  9996
2 90969  87.9000  76.5707 0000484  33.7411 289.7430 13.16200242239015
SHELL-C-90970
1 90970U 26970A   26255.00000000  .00002000  00000-0  15000-3 0  9990
2 90970  87.9000  77.7273 0000848 263.2428 317.1375 13.16501087153481
SHELL-C-90971
1 90971U 26971A   26255.00000000  .00002000  00000-0  15000-3 0  9992
2 90971  87.9000  76.9530 0000111 150.0027 341.2360 13.15851988199513
SHELL-C-90972
1 90972U 26972A   26255.00000000  .00002000  00000-0  15000-3 0  9994
2 90972  87.9000  75.6854 0000208 144.6716   6.8475 13.15948821283967
SHELL-C-90973
1 90973U 26973A   26255.00000000  .00002000  00000-0  15000-3 0  9996
2 90973  87.9000 101.7278 0000234 112.0407  43.9910 13.15527020324791
SHELL-C-90974
1 90974U 26974A   26255.00000000  .00002000  00000-0  15000-3 0  9998
2 90974  87.9000 102.4756 0000388 347.5910  70.3187 13.15888321286729
SHELL-C-90975
1 90975U 26975A   26255.00000000  .00002000  00000-0  15000-3 0  9990
2 90975  87.9000 103.8397 0000267 177.6706  96.6077 13.16421229858564
SHELL-C-90976
1 90976U 26976A   26255.00000000  .00002000  00000-0  15000-3 0  9992
2 90976  87.9000 101.4875 0000340 101.8781 121.3099 13.16642916666604
SHELL-C-90977
1 90977U 26977A   26255.00000000  .00002000  00000-0  15000-3 0  9994
2 90977  87.9000 104.3219 0000166 311.5507 146.4792 13.16343327462124
SHELL-C-90978
1 90978U 26978A   26255.00000000  .00002000  00000-0  15000-3 0  9996
2 90978  87.9000 102.2955 0000662 272.6429 173.4775 13.16006640143356
SHELL-C-90979
1 90979U 26979A   26255.00000000  .00002000  00000-0  15000-3 0  9998
2 90979  87.9000 102.0675 0000684 270.4840 198.0110 13.16550812142744
SHELL-C-90980
1 90980U 26980A   26255.00000000  .00002000  00000-0  15000-3 0  9992
2 90980  87.9000 102.3473 0000826  52.9519 224.4565 13.16360979495257
SHELL-C-90981
1 90981U 26981A   26255.00000000  .00002000  00000-0  15000-3 0  9994
2 90981  87.9000 104.2725 0000057  64.4300 248.2640 13.15513583243711
SHELL-C-90982
1 90982U 26982A   26255.00000000  .00002000  00000-0  15000-3 0  9996
2 90982  87.9000 102.1483 0000088 310.4261 275.5572 13.16356610663590
SHELL-C-90983
1 90983U 26983A   26255.00000000  .00002000  00000-0  15000-3 0  9998
2 90983  87.9000 102.6089 0000094 123.1702 300.3684 13.15590792208624
SHELL-C-90984
1 90984U 26984A   26255.00000000  .00002000  00000-0  15000-3 0  9990
2 90984  87.9000 104.0253 0000571  56.7943 326.8129 13.16530572541103
SHELL-C-90985
1 90985U 26985A   26255.00000000  .00002000  00000-0  15000-3 0  9992
2 90985  87.9000 103.3041 0000218  46.9409 353.6928 13.15798806378138
SHELL-C-90986
1 90986U 26986A   26255.00000000  .00002000  00000-0  15000-3 0  9994
2 90986  87.9000 103.9157 0000261 278.9766  19.6960 13.15547508779562
SHELL-C-90987
1 90987U 26987A   26255.00000000  .00002000  00000-0  15000-3 0  9996
2 90987  87.9000 129.9363 0000363  77.9843  56.3666 13.15567070697416
SHELL-C-90988
1 90988U 26988A   26255.00000000  .00002000  00000-0  15000-3 0  9998
2 90988  87.9000 128.4145 0000438 124.5724  79.5893 13.16593978202833
SHELL-C-90989
1 90989U 26989A   26255.00000000  .00002000  00000-0  15000-3 0  9990
2 90989  87.9000 129.4440 0000806 174.2174 107.8867 13.15640196469153
SHELL-C-90990
1 90990U 26990A   26255.00000000  .00002000  00000-0  15000-3 0  9994
2 90990  87.9000 128.2632 0000370 242.6585 132.3846 13.15421464595130
SHELL-C-90991
1 90991U 26991A   26255.00000000  .00002000  00000-0  15000-3 0  9996
2 90991  87.9000 127.1355 0000064 192.2560 156.5598 13.16258179553525
SHELL-C-90992
1 90992U 26992A   26255.00000000  .00002000  00000-0  15000-3 0  9998
2 90992  87.9000 130.0273 0000574 136.2412 184.4036 13.16464438478326
SHELL-C-90993
1 90993U 26993A   26255.00000000  .00002000  00000-0  15000-3 0  9990
2 90993  87.9000 129.6856 0000615 115.6171 209.9007 13.16253330500095
SHELL-C-90994
1 90994U 26994A   26255.00000000  .00002000  00000-0  15000-3 0  9992
2 90994  87.9000 129.4152 0000664  18.1780 233.8768 13.16007732233344
SHELL-C-90995
1 90995U 26995A   26255.00000000  .00002000  00000-0  15000-3 0  9994
2 90995  87.9000 128.5148 0000251 223.9302 260.3981 13.15403638302183
SHELL-C-90996
1 90996U 26996A   26255.00000000  .00002000  00000-0  15000-3 0  9996
2 90996  87.9000 129.5484 0000430 203.5553 287.1297 13.16181178547483
SHELL-C-90997
1 90997U 26997A   26255.00000000  .00002000  00000-0  15000-3 0  9998
2 90997  87.9000 128.5810 0000344  31.2497 311.3567 13.16135027654181
SHELL-C-90998
1 90998U 26998A   26255.00000000  .00002000  00000-0  15000-3 0  9990
2 90998  87.9000 127.3857 0000473 331.4515 338.0193 13.16108019 60137
SHELL-C-90999
1 90999U 26999A   26255.00000000  .00002000  00000-0  15000-3 0  9992
2 90999  87.9000 128.2615 0000582  34.3082   3.1210 13.15396580583354
SHELL-C-91000
1 91000U 26000A   26255.00000000  .00002000  00000-0  15000-3 0  9999
2 91000  87.9000 128.4580 0000685  99.8618  27.9304 13.16623624733488
SHELL-C-91001
1 91001U 26001A   26255.00000000  .00002000  00000-0  15000-3 0  9991
2 91001  87.9000 155.5047 0000329 152.2407  65.5332 13.16035731773897
SHELL-C-91002
1 91002U 26002A   26255.00000000  .00002000  00000-0  15000-3 0  9993
2 91002  87.9000 154.7763 0000729  62.8500  92.7408 13.16644282 13023
SHELL-C-91003
1 91003U 26003A   26255.00000000  .00002000  00000-0  15000-3 0  9995
2 91003  87.9000 154.8789 0000758  55.4211 116.8126 13.16460682464375
SHELL-C-91004
1 91004U 26004A   26255.00000000  .00002000  00000-0  15000-3 0  9997
2 91004  87.9000 155.0591 0000164 153.2148 143.4174 13.15431361457650
SHELL-C-91005
1 91005U 26005A   26255.00000000  .00002000  00000-0  15000-3 0  9999
2 91005  87.9000 154.9547 0000469 343.4357 169.3737 13.16129943489842
SHELL-C-91006
1 91006U 26006A   26255.00000000  .00002000  00000-0  15000-3 0  9991
2 91006  87.9000 153.2588 0000888  14.8383 194.4881 13.16102275805494
SHELL-C-91007
1 91007U 26007A   26255.00000000  .00002000  00000-0  15000-3 0  9993
2 91007  87.9000 153.4119 0000654 110.4545 220.3556 13.16379325898864
SHELL-C-91008
1 91008U 26008A   26255.00000000  .00002000  00000-0  15000-3 0  9995
2 91008  87.9000 154.3702 0000561  94.2465 245.8613 13.16037045658130
SHELL-C-91009
1 91009U 26009A   26255.00000000  .00002000  00000-0  15000-3 0  9997
2 91009  87.9000 153.5880 0000202 193.6749 270.3446 13.16205714531733
SHELL-C-91010
1 91010U 26010A   26255.00000000  .00002000  00000-0  15000-3 0  9991
2 91010  87.9000 155.5113 0000744 296.8392 298.2335 13.16375174278212
SHELL-C-91011
1 91011U 26011A   26255.00000000  .00002000  00000-0  15000-3 0  9993
2 91011  87.9000 153.8073 0000059  11.3733 323.4738 13.16286687574944
SHELL-C-91012
1 91012U 26012A   26255.00000000  .00002000  00000-0  15000-3 0  9995
2 91012  87.9000 154.1144 0000704 259.4084 348.0404 13.15490572180562
SHELL-C-91013
1 91013U 26013A   26255.00000000  .00002000  00000-0  15000-3 0  9997
2 91013  87.9000 153.9053 0000698 227.3466  13.3315 13.15635581947777
SHELL-C-91014
1 91014U 26014A   26255.00000000  .00002000  00000-0  15000-3 0  9999
2 91014  87.9000 154.7032 0000435  86.1922  41.7662 13.16511429233897
SHELL-C-91015
1 91015U 26015A   26255.00000000  .00002000  00000-0  15000-3 0  9991
2 91015  87.9000 178.6337 0000757 249.3685  75.5930 13.15459402204901
SHELL-C-91016
1 91016U 26016A   26255.00000000  .00002000  00000-0  15000-3 0  9993
2 91016  87.9000 181.4275 0000055 278.4744 103.3815 13.16538371844912
SHELL-C-91017
1 91017U 26017A   26255.00000000  .00002000  00000-0  15000-3 0  9995
2 91017  87.9000 180.2870 0000316 293.2572 126.9383 13.15520410901105
SHELL-C-91018
1 91018U 26018A   26255.00000000  .00002000  00000-0  15000-3 0  9997
2 91018  87.9000 179.8040 0000243  55.6960 154.9254 13.15452706976257
SHELL-C-91019
1 91019U 26019A   26255.00000000  .00002000  00000-0  15000-3 0  9999
2 91019  87.9000 180.5068 0000867  48.2222 180.6144 13.16167731523746
SHELL-C-91020
1 91020U 26020A   26255.00000000  .00002000  00000-0  15000-3 0  9993
2 91020  87.9000 178.6855 0000555 352.4667 206.3268 13.15868054416623
SHELL-C-91021
1 91021U 26021A   26255.00000000  .00002000  00000-0  15000-3 0  9995
2 91021  87.9000 181.2266 0000804 223.4018 231.2444 13.15870935881691
SHELL-C-91022
1 91022U 26022A   26255.00000000  .00002000  00000-0  15000-3 0  9997
2 91022  87.9000 179.8499 0000058 246.2937 257.0073 13.15862646433470
SHELL-C-91023
1 91023U 26023A   26255.00000000  .00002000  00000-0  15000-3 0  9999
2 91023  87.9000 181.1965 0000121  12.9956 283.9070 13.16566752257610
SHELL-C-91024
1 91024U 26024A   26255.00000000  .00002000  00000-0  15000-3 0  9991
2 91024  87.9000 180.3206 0000669 200.1999 307.1847 13.15438180552335
SHELL-C-91025
1 91025U 26025A   26255.00000000  .00002000  00000-0  15000-3 0  9993
2 91025  87.9000 181.1765 0000548  50.0597 332.8741 13.15484102960984
SHELL-C-91026
1 91026U 26026A   26255.00000000  .00002000  00000-0  15000-3 0  9995
2 91026  87.9000 179.8819 0000160  28.0695 358.4461 13.16022204 38850
SHELL-C-91027
1 91027U 26027A   26255.00000000  .00002000  00000-0  15000-3 0  9997
2 91027  87.9000 180.6697 0000253  56.8231  26.3444 13.16078936 20028
SHELL-C-91028
1 91028U 26028A   26255.00000000  .00002000  00000-0  15000-3 0  9999
2 91028  87.9000 180.1423 0000046  87.1686  52.7249 13.16134726835617
SHELL-C-91029
1 91029U 26029A   26255.00000000  .00002000  00000-0  15000-3 0  9991
2 91029  87.9000 206.1226 0000493  12.4970  88.6940 13.15705479825760
SHELL-C-91030
1 91030U 26030A   26255.00000000  .00002000  00000-0  15000-3 0  9995
2 91030  87.9000 205.5829 0000700 306.0366 114.9465 13.15774593174244
SHELL-C-91031
1 91031U 26031A   26255.00000000  .00002000  00000-0  15000-3 0  9997
2 91031  87.9000 206.9710 0000657   3.2886 140.1446 13.16409947286077
SHELL-C-91032
1 91032U 26032A   26255.00000000  .00002000  00000-0  15000-3 0  9999
2 91032  87.9000 204.6818 0000014 113.4717 165.0979 13.16477711802778
SHELL-C-91033
1 91033U 26033A   26255.00000000  .00002000  00000-0  15000-3 0  9991
2 91033  87.9000 206.8694 0000800  62.5444 189.6316 13.15998782980026
SHELL-C-91034
1 91034U 26034A   26255.00000000  .00002000  00000-0  15000-3 0  9993
2 91034  87.9000 206.3062 0000420 291.6609 216.8258 13.16468682879024
SHELL-C-91035
1 91035U 26035A   26255.00000000  .00002000  00000-0  15000-3 0  9995
2 91035  87.9000 206.1952 0000616 263.5261 242.2926 13.15923699518534
SHELL-C-91036
1 91036U 26036A   26255.00000000  .00002000  00000-0  15000-3 0  9997
2 91036  87.9000 206.3646 0000767 117.4829 268.1282 13.15386341549130
SHELL-C-91037
1 91037U 26037A   26255.00000000  .00002000  00000-0  15000-3 0  9999
2 91037  87.9000 206.3693 0000399 160.5507 294.5218 13.15955125183123
SHELL-C-91038
1 91038U 26038A   26255.00000000  .00002000  00000-0  15000-3 0  9991
2 91038  87.9000 204.4942 0000441 347.8571 319.3822 13.16333124446296
SHELL-C-91039
1 91039U 26039A   26255.00000000  .00002000  00000-0  15000-3 0  9993
2 91039  87.9000 205.0351 0000618  13.6412 345.8757 13.15444242740398
SHELL-C-91040
1 91040U 26040A   26255.00000000  .00002000  00000-0  15000-3 0  9997
2 91040  87.9000 206.8256 0000492 158.2017  11.7968 13.15941710681704
SHELL-C-91041
1 91041U 26041A   26255.00000000  .00002000  00000-0  15000-3 0  9999
2 91041  87.9000 205.3718 0000736   3.0134  35.9737 13.16254370871938
SHELL-C-91042
1 91042U 26042A   26255.00000000  .00002000  00000-0  15000-3 0  9991
2 91042  87.9000 205.7732 0000551 287.3695  62.9048 13.15663090 81584
SHELL-C-91043
1 91043U 26043A   26255.00000000  .00002000  00000-0  15000-3 0  9993
2 91043  87.9000 231.6534 0000518 325.1964  99.4158 13.15680710414604
SHELL-C-91044
1 91044U 26044A   26255.00000000  .00002000  00000-0  15000-3 0  9995
2 91044  87.9000 230.5685 0000553  11.1608 125.3677 13.16423822 25081
SHELL-C-91045
1 91045U 26045A   26255.00000000  .00002000  00000-0  15000-3 0  9997
2 91045  87.9000 230.0137 0000268 303.4940 149.3633 13.15756051307801
SHELL-C-91046
1 91046U 26046A   26255.00000000  .00002000  00000-0  15000-3 0  9999
2 91046  87.9000 230.8194 0000828  34.1623 175.7713 13.15802617946846
SHELL-C-91047
1 91047U 26047A   26255.00000000  .00002000  00000-0  15000-3 0  9991
2 91047  87.9000 232.8099 0000564 332.9956 202.3113 13.16024471134023
SHELL-C-91048
1 91048U 26048A   26255.00000000  .00002000  00000-0  15000-3 0  9993
2 91048  87.9000 232.5662 0000370 332.8139 229.0225 13.16381534252425
SHELL-C-91049
1 91049U 26049A   26255.00000000  .00002000  00000-0  15000-3 0  9995
2 91049  87.9000 230.6663 0000797 261.1118 254.6445 13.15689312826340
SHELL-C-91050
1 91050U 26050A   26255.00000000  .00002000  00000-0  15000-3 0  9999
2 91050  87.9000 230.7693 0000437  64.0310 280.4717 13.15895902755390
SHELL-C-91051
1 91051U 26051A   26255.00000000  .00002000  00000-0  15000-3 0  9991
2 91051  87.9000 231.4400 0000105 166.1611 305.2706 13.15670642124649
SHELL-C-91052
1 91052U 26052A   26255.00000000  .00002000  00000-0  15000-3 0  9993
2 91052  87.9000 230.7687 0000590  38.7131 331.5398 13.15433994857287
SHELL-C-91053
1 91053U 26053A   26255.00000000  .00002000  00000-0  15000-3 0  9995
2 91053  87.9000 232.3914 0000308 284.0792 354.6633 13.16493490608904
SHELL-C-91054
1 91054U 26054A   26255.00000000  .00002000  00000-0  15000-3 0  9997
2 91054  87.9000 231.8908 0000795  10.2810  23.1675 13.16485752665855
SHELL-C-91055
1 91055U 26055A   26255.00000000  .00002000  00000-0  15000-3 0  9999
2 91055  87.9000 232.3430 0000621 300.0801  48.1085 13.16191728276521
SHELL-C-91056
1 91056U 26056A   26255.00000000  .00002000  00000-0  15000-3 0  9991
2 91056  87.9000 232.2957 0000739 308.2957  72.3642 13.16514287557997
SHELL-C-91057
1 91057U 26057A   26255.00000000  .00002000  00000-0  15000-3 0  9993
2 91057  87.9000 255.7516 0000044 265.9561 109.2178 13.15684466254419
SHELL-C-91058
1 91058U 26058A   26255.00000000  .00002000  00000-0  15000-3 0  9995
2 91058  87.9000 257.5673 0000282 242.4424 135.6994 13.15949213545029
SHELL-C-91059
1 91059U 26059A   26255.00000000  .00002000  00000-0  15000-3 0  9997
2 91059  87.9000 257.3133 0000029 236.7228 161.5649 13.15946511849385
SHELL-C-91060
1 91060U 26060A   26255.00000000  .00002000  00000-0  15000-3 0  9991
2 91060  87.9000 256.0322 0000449 232.8750 188.4071 13.15739129647564
SHELL-C-91061
1 91061U 26061A   26255.00000000  .00002000  00000-0  15000-3 0  9993
2 91061  87.9000 255.9180 0000869  57.1079 213.8105 13.15586651605894
SHELL-C-91062
1 91062U 26062A   26255.00000000  .00002000  00000-0  15000-3 0  9995
2 91062  87.9000 256.6377 0000060 128.0772 237.3261 13.15541679106321
SHELL-C-91063
1 91063U 26063A   26255.00000000  .00002000  00000-0  15000-3 0  9997
2 91063  87.9000 257.9594 0000612  66.5963 263.6995 13.16131212906826
SHELL-C-91064
1 91064U 26064A   26255.00000000  .00002000  00000-0  15000-3 0  9999
2 91064  87.9000 258.5570 0000837  55.1187 289.3458 13.16029349834689
SHELL-C-91065
1 91065U 26065A   26255.00000000  .00002000  00000-0  15000-3 0  9991
2 91065  87.9000 257.5338 0000250 191.4391 316.5069 13.15470784409851
SHELL-C-91066
1 91066U 26066A   26255.00000000  .00002000  00000-0  15000-3 0  9993
2 91066  87.9000 257.4692 0000800 117.8178 341.4080 13.16105880583340
SHELL-C-91067
1 91067U 26067A   26255.00000000  .00002000  00000-0  15000-3 0  9995
2 91067  87.9000 257.9596 0000196 169.0627   7.6124 13.15467856780303
SHELL-C-91068
1 91068U 26068A   26255.00000000  .00002000  00000-0  15000-3 0  9997
2 91068  87.9000 258.4323 0000819  64.5395  33.0851 13.16271289953408
SHELL-C-91069
1 91069U 26069A   26255.00000000  .00002000  00000-0  15000-3 0  9999
2 91069  87.9000 257.1280 0000836 350.4736  59.0782 13.16103880827853
SHELL-C-91070
1 91070U 26070A   26255.00000000  .00002000  00000-0  15000-3 0  9993
2 91070  87.9000 257.8588 0000795 152.5452  82.8685 13.15914476773275
SHELL-C-91071
1 91071U 26071A   26255.00000000  .00002000  00000-0  15000-3 0  9995
2 91071  87.9000 283.5311 0000476  79.2717 121.4182 13.16323885954565
SHELL-C-91072
1 91072U 26072A   26255.00000000  .00002000  00000-0  15000-3 0  9997
2 91072  87.9000 283.2722 0000686 203.5870 145.7796 13.16572873882567
SHELL-C-91073
1 91073U 26073A   26255.00000000  .00002000  00000-0  15000-3 0  9999
2 91073  87.9000 283.1949 0000256 196.1566 172.0384 13.16026149123373
SHELL-C-91074
1 91074U 26074A   26255.00000000  .00002000  00000-0  15000-3 0  9991
2 91074  87.9000 282.2740 0000069 324.9165 198.1326 13.15356730730247
SHELL-C-91075
1 91075U 26075A   26255.00000000  .00002000  00000-0  15000-3 0  9993
2 91075  87.9000 283.8095 0000305  76.6829 224.5612 13.16511093873256
SHELL-C-91076
1 91076U 26076A   26255.00000000  .00002000  00000-0  15000-3 0  9995
2 91076  87.9000 281.9889 0000640 354.6775 250.2816 13.15647051335166
SHELL-C-91077
1 91077U 26077A   26255.00000000  .00002000  00000-0  15000-3 0  9997
2 91077  87.9000 282.9651 0000385  65.7310 276.0880 13.16072389371003
SHELL-C-91078
1 91078U 26078A   26255.00000000  .00002000  00000-0  15000-3 0  9999
2 91078  87.9000 282.7559 0000648 210.0302 301.5251 13.16080410234162
SHELL-C-91079
1 91079U 26079A   26255.00000000  .00002000  00000-0  15000-3 0  9991
2 91079  87.9000 282.1096 0000294  46.5172 325.7135 13.15758052263363
SHELL-C-91080
1 91080U 26080A   26255.00000000  .00002000  00000-0  15000-3 0  9995
2 91080  87.9000 281.5927 0000527  31.6440 352.6015 13.15858256602060
SHELL-C-91081
1 91081U 26081A   26255.00000000  .00002000  00000-0  15000-3 0  9997
2 91081  87.9000 281.7034 0000606 159.5235  18.0813 13.15761641845005
SHELL-C-91082
1 91082U 26082A   26255.00000000  .00002000  00000-0  15000-3 0  9999
2 91082  87.9000 282.8021 0000269  60.0746  44.2077 13.15497799614155
SHELL-C-91083
1 91083U 26083A   26255.00000000  .00002000  00000-0  15000-3 0  9991
2 91083  87.9000 284.3004 0000394 318.0950  68.7089 13.15744673937547
SHELL-C-91084
1 91084U 26084A   26255.00000000  .00002000  00000-0  15000-3 0  9993
2 91084  87.9000 281.8238 0000827 229.7567  94.9282 13.15764915670745
SHELL-C-91085
1 91085U 26085A   26255.00000000  .00002000  00000-0  15000-3 0  9995
2 91085  87.9000 308.1953 0000506  72.9386 132.7083 13.15701688919614
SHELL-C-91086
1 91086U 26086A   26255.00000000  .00002000  00000-0  15000-3 0  9997
2 91086  87.9000 308.7880 0000798  62.1073 157.8778 13.15442899207836
SHELL-C-91087
1 91087U 26087A   26255.00000000  .00002000  00000-0  15000-3 0  9999
2 91087  87.9000 309.3957 0000807 201.7964 184.6528 13.15920480816597
SHELL-C-91088
1 91088U 26088A   26255.00000000  .00002000  00000-0  15000-3 0  9991
2 91088  87.9000 309.1354 0000353 112.6652 208.7624 13.16336011145432
SHELL-C-91089
1 91089U 26089A   26255.00000000  .00002000  00000-0  15000-3 0  9993
2 91089  87.9000 309.9800 0000545  98.3828 233.5937 13.16124035 13691
SHELL-C-91090
1 91090U 26090A   26255.00000000  .00002000  00000-0  15000-3 0  9997
2 91090  87.9000 308.6786 0000810 172.9440 259.7347 13.15768513337694
SHELL-C-91091
1 91091U 26091A   26255.00000000  .00002000  00000-0  15000-3 0  9999
2 91091  87.9000 309.0204 0000832 332.9158 285.2548 13.16084416645966
SHELL-C-91092
1 91092U 26092A   26255.00000000  .00002000  00000-0  15000-3 0  9991
2 91092  87.9000 308.0902 0000053  19.4121 311.7903 13.16207019670439
SHELL-C-91093
1 91093U 26093A   26255.00000000  .00002000  00000-0  15000-3 0  9993
2 91093  87.9000 307.6199 0000872  64.5566 339.1565 13.15742010296353
SHELL-C-91094
1 91094U 26094A   26255.00000000  .00002000  00000-0  15000-3 0  9995
2 91094  87.9000 308.3513 0000490 305.5131   4.6325 13.15477730566626
SHELL-C-91095
1 91095U 26095A   26255.00000000  .00002000  00000-0  15000-3 0  9997
2 91095  87.9000 307.8316 0000302 325.7479  27.8922 13.16538555257747
SHELL-C-91096
1 91096U 26096A   26255.00000000  .00002000  00000-0  15000-3 0  9999
2 91096  87.9000 309.0283 0000433  48.6964  54.4645 13.15906917173655
SHELL-C-91097
1 91097U 26097A   26255.00000000  .00002000  00000-0  15000-3 0  9991
2 91097  87.9000 308.2783 0000360 303.3815  79.8634 13.15791905593268
SHELL-C-91098
1 91098U 26098A   26255.00000000  .00002000  00000-0  15000-3 0  9993
2 91098  87.9000 308.6855 0000269 103.0161 107.2407 13.15706691591675
SHELL-C-91099
1 91099U 26099A   26255.00000000  .00002000  00000-0  15000-3 0  9995
2 91099  87.9000 333.2973 0000002  92.8563 143.2604 13.15963764 37532
SHELL-C-91100
1 91100U 26100A   26255.00000000  .00002000  00000-0  15000-3 0  9991
2 91100  87.9000 333.5019 0000859 154.4111 169.3357 13.16017850209984
SHELL-C-91101
1 91101U 26101A   26255.00000000  .00002000  00000-0  15000-3 0  9993
2 91101  87.9000 334.3722 0000571 277.3866 192.9895 13.16240083 72453
SHELL-C-91102
1 91102U 26102A   26255.00000000  .00002000  00000-0  15000-3 0  9995
2 91102  87.9000 333.9099 0000560 191.4294 219.5850 13.15596696 97160
SHELL-C-91103
1 91103U 26103A   26255.00000000  .00002000  00000-0  15000-3 0  9997
2 91103  87.9000 333.4340 0000682  40.6359 244.3987 13.16422288327313
SHELL-C-91104
1 91104U 26104A   26255.00000000  .00002000  00000-0  15000-3 0  9999
2 91104  87.9000 333.1793 0000048 353.8049 271.8835 13.15945629600537
SHELL-C-91105
1 91105U 26105A   26255.00000000  .00002000  00000-0  15000-3 0  9991
2 91105  87.9000 334.7114 0000892  20.9962 296.7406 13.15398054745641
SHELL-C-91106
1 91106U 26106A   26255.00000000  .00002000  00000-0  15000-3 0  9993
2 91106  87.9000 334.2878 0000052 284.5979 323.9001 13.16564765660148
SHELL-C-91107
1 91107U 26107A   26255.00000000  .00002000  00000-0  15000-3 0  9995
2 91107  87.9000 333.0714 0000401 299.4459 349.8784 13.16591464928925
SHELL-C-91108
1 91108U 26108A   26255.00000000  .00002000  00000-0  15000-3 0  9997
2 91108  87.9000 333.0896 0000090 153.8725  14.1139 13.16517080888002
SHELL-C-91109
1 91109U 26109A   26255.00000000  .00002000  00000-0  15000-3 0  9999
2 91109  87.9000 333.3296 0000590 182.4034  38.9740 13.15872734298237
SHELL-C-91110
1 91110U 26110A   26255.00000000  .00002000  00000-0  15000-3 0  9993
2 91110  87.9000 333.6144 0000596 281.8473  65.6279 13.15520287228770
SHELL-C-91111
1 91111U 26111A   26255.00000000  .00002000  00000-0  15000-3 0  9995
2 91111  87.9000 333.7188 0000020 356.0991  90.9643 13.15895706356276
SHELL-C-91112
1 91112U 26112A   26255.00000000  .00002000  00000-0  15000-3 0  9997
2 91112  87.9000 335.5695 0000667  93.3304 118.2539 13.15580793887382
SSO-91113
1 91113U 26113A   26255.00000000  .00002000  00000-0  15000-3 0  9999
2 91113  98.6000 359.5663 0000748  62.2874   0.6790 14.27150574173824
SSO-91114
1 91114U 26114A   26255.00000000  .00002000  00000-0  15000-3 0  9991
2 91114  98.6000   0.1201 0000504 323.2328  31.2014 14.27896114307292
SSO-91115
1 91115U 26115A   26255.00000000  .00002000  00000-0  15000-3 0  9993
2 91115  98.6000   0.1679 0000851  60.8832  59.8961 14.27102230210908
SSO-91116
1 91116U 26116A   26255.00000000  .00002000  00000-0  15000-3 0  9995
2 91116  98.6000   1.0895 0000812   8.4492  89.0974 14.27305496 86129
SSO-91117
1 91117U 26117A   26255.00000000  .00002000  00000-0  15000-3 0  9997
2 91117  98.6000 358.7404 0000227  94.7209 120.3411 14.27662402324237
SSO-91118
1 91118U 26118A   26255.00000000  .00002000  00000-0  15000-3 0  9999
2 91118  98.6000 359.0033 0000415 337.9828 150.3826 14.28053275 37224
SSO-91119
1 91119U 26119A   26255.00000000  .00002000  00000-0  15000-3 0  9991
2 91119  98.6000   1.0804 0000708 175.9068 178.6220 14.27108877685864
SSO-91120
1 91120U 26120A   26255.00000000  .00002000  00000-0  15000-3 0  9995
2 91120  98.6000   0.0491 0000845  77.9117 209.1174 14.27975958449122
SSO-91121
1 91121U 26121A   26255.00000000  .00002000  00000-0  15000-3 0  9997
2 91121  98.6000   0.8190 0000254 104.8197 239.2437 14.27426808853983
SSO-91122
1 91122U 26122A   26255.00000000  .00002000  00000-0  15000-3 0  9999
2 91122  98.6000   1.4491 0000119  86.8576 268.5967 14.27216653940205
SSO-91123
1 91123U 26123A   26255.00000000  .00002000  00000-0  15000-3 0  9991
2 91123  98.6000   0.6597 0000295 331.0053 300.4784 14.28216591125563
SSO-91124
1 91124U 26124A   26255.00000000  .00002000  00000-0  15000-3 0  9993
2 91124  98.6000 359.1608 0000440  41.8513 329.6059 14.27999713161536
SSO-91125
1 91125U 26125A   26255.00000000  .00002000  00000-0  15000-3 0  9995
2 91125  98.6000  29.9018 0000614 117.8770  10.2802 14.27277249153045
SSO-91126
1 91126U 26126A   26255.00000000  .00002000  00000-0  15000-3 0  9997
2 91126  98.6000  31.4253 0000346  23.4396  41.5571 14.27807954985060
SSO-91127
1 91127U 26127A   26255.00000000  .00002000  00000-0  15000-3 0  9999
2 91127  98.6000  28.7495 0000287 302.5898  71.4487 14.27784296159334
SSO-91128
1 91128U 26128A   26255.00000000  .00002000  00000-0  15000-3 0  9991
2 91128  98.6000  28.8225 0000822 232.1616 101.2579 14.27578856624444
SSO-91129
1 91129U 26129A   26255.00000000  .00002000  00000-0  15000-3 0  9993
2 91129  98.6000  28.5797 0000045 172.6480 129.9514 14.27232471 61081
SSO-91130
1 91130U 26130A   26255.00000000  .00002000  00000-0  15000-3 0  9997
2 91130  98.6000  30.8136 0000826 299.4781 161.7152 14.27206475  9118
SSO-91131
1 91131U 26131A   26255.00000000  .00002000  00000-0  15000-3 0  9999
2 91131  98.6000  30.1974 0000533  18.1159 191.9214 14.28141580401073
SSO-91132
1 91132U 26132A   26255.00000000  .00002000  00000-0  15000-3 0  9991
2 91132  98.6000  29.7592 0000589 127.9377 221.5073 14.27373273288280
SSO-91133
1 91133U 26133A   26255.00000000  .00002000  00000-0  15000-3 0  9993
2 91133  98.6000  31.2511 0000540 343.5518 251.9303 14.27100261942274
SSO-91134
1 91134U 26134A   26255.00000000  .00002000  00000-0  15000-3 0  9995
2 91134  98.6000  28.5678 0000166 151.3435 280.8636 14.27174838301196
SSO-91135
1 91135U 26135A   26255.00000000  .00002000  00000-0  15000-3 0  9997
2 91135  98.6000  29.5455 0000398  30.3742 311.6349 14.27461942166126
SSO-91136
1 91136U 26136A   26255.00000000  .00002000  00000-0  15000-3 0  9999
2 91136  98.6000  30.2092 0000352 116.3739 341.3678 14.27135459761244
SSO-91137
1 91137U 26137A   26255.00000000  .00002000  00000-0  15000-3 0  9991
2 91137  98.6000  59.4236 0000572  71.7148  22.0359 14.28093756507162
SSO-91138
1 91138U 26138A   26255.00000000  .00002000  00000-0  15000-3 0  9993
2 91138  98.6000  59.6391 0000083  70.6222  52.5996 14.27370708700439
SSO-91139
1 91139U 26139A   26255.00000000  .00002000  00000-0  15000-3 0  9995
2 91139  98.6000  59.0983 0000835 291.0220  82.9284 14.27581769113507
SSO-91140
1 91140U 26140A   26255.00000000  .00002000  00000-0  15000-3 0  9999
2 91140  98.6000  59.3816 0000269 206.8222 112.2423 14.27690848338313
SSO-91141
1 91141U 26141A   26255.00000000  .00002000  00000-0  15000-3 0  9991
2 91141  98.6000  58.5432 0000433 297.4647 141.2365 14.27441752577465
SSO-91142
1 91142U 26142A   26255.00000000  .00002000  00000-0  15000-3 0  9993
2 91142  98.6000  60.8881 0000238  62.9888 173.1834 14.26967656899901
SSO-91143
1 91143U 26143A   26255.00000000  .00002000  00000-0  15000-3 0  9995
2 91143  98.6000  58.8276 0000376 175.7838 201.4893 14.27583297793367
SSO-91144
1 91144U 26144A   26255.00000000  .00002000  00000-0  15000-3 0  9997
2 91144  98.6000  59.8780 0000079 328.6482 231.2786 14.28070880110638
SSO-91145
1 91145U 26145A   26255.00000000  .00002000  00000-0  15000-3 0  9999
2 91145  98.6000  58.9364 0000665  41.7515 262.4137 14.27762433508883
SSO-91146
1 91146U 26146A   26255.00000000  .00002000  00000-0  15000-3 0  9991
2 91146  98.6000  60.4311 0000648 348.9340 293.3991 14.27637797670800
SSO-91147
1 91147U 26147A   26255.00000000  .00002000  00000-0  15000-3 0  9993
2 91147  98.6000  61.2393 0000073 204.1498 321.7818 14.28075204734040
SSO-91148
1 91148U 26148A   26255.00000000  .00002000  00000-0  15000-3 0  9995
2 91148  98.6000  58.9588 0000753  86.3375 352.7618 14.28032102771660
SSO-91149
1 91149U 26149A   26255.00000000  .00002000  00000-0  15000-3 0  9997
2 91149  98.6000  88.7233 0000891 208.1499  33.5519 14.27687875627322
SSO-91150
1 91150U 26150A   26255.00000000  .00002000  00000-0  15000-3 0  9991
2 91150  98.6000  91.1725 0000232  44.1592  62.2635 14.27756867629686
SSO-91151
1 91151U 26151A   26255.00000000  .00002000  00000-0  15000-3 0  9993
2 91151  98.6000  90.6435 0000170 331.9967  91.5906 14.26965528518692
SSO-91152
1 91152U 26152A   26255.00000000  .00002000  00000-0  15000-3 0  9995
2 91152  98.6000  90.7566 0000451 309.9860 124.2118 14.27668801372645
SSO-91153
1 91153U 26153A   26255.00000000  .00002000  00000-0  15000-3 0  9997
2 91153  98.6000  90.5637 0000204 159.2240 152.5686 14.26855027681113
SSO-91154
1 91154U 26154A   26255.00000000  .00002000  00000-0  15000-3 0  9999
2 91154  98.6000  90.6765 0000634  96.2923 184.1774 14.27653699129165
SSO-91155
1 91155U 26155A   26255.00000000  .00002000  00000-0  15000-3 0  9991
2 91155  98.6000  88.6050 0000159 324.2656 212.1639 14.27709388377994
SSO-91156
1 91156U 26156A   26255.00000000  .00002000  00000-0  15000-3 0  9993
2 91156  98.6000  91.0495 0000277  46.7833 242.2274 14.27570175410717
SSO-91157
1 91157U 26157A   26255.00000000  .00002000  00000-0  15000-3 0  9995
2 91157  98.6000  89.4087 0000317 104.4301 273.0573 14.27352816310468
SSO-91158
1 91158U 26158A   26255.00000000  .00002000  00000-0  15000-3 0  9997
2 91158  98.6000  90.2899 0000384 155.6376 302.7387 14.26839997  6648
SSO-91159
1 91159U 26159A   26255.00000000  .00002000  00000-0  15000-3 0  9999
2 91159  98.6000  89.1013 0000775 156.5438 333.9922 14.28015127632073
SSO-91160
1 91160U 26160A   26255.00000000  .00002000  00000-0  15000-3 0  9993
2 91160  98.6000  89.9672 0000873 196.8106   3.8720 14.26881237363220
SSO-91161
1 91161U 26161A   26255.00000000  .00002000  00000-0  15000-3 0  9995
2 91161  98.6000 119.1306 0000709  70.9455  43.1293 14.27987811 57710
SSO-91162
1 91162U 26162A   26255.00000000  .00002000  00000-0  15000-3 0  9997
2 91162  98.6000 120.3150 0000823 282.8125  74.6495 14.27230672356099
SSO-91163
1 91163U 26163A   26255.00000000  .00002000  00000-0  15000-3 0  9999
2 91163  98.6000 120.4759 0000277 332.4684 103.2808 14.26927558597203
SSO-91164
1 91164U 26164A   26255.00000000  .00002000  00000-0  15000-3 0  9991
2 91164  98.6000 120.7886 0000837 201.8995 133.2535 14.27735989976414
SSO-91165
1 91165U 26165A   26255.00000000  .00002000  00000-0  15000-3 0  9993
2 91165  98.6000 120.1744 0000776   7.5942 165.1284 14.28164666216531
SSO-91166
1 91166U 26166A   26255.00000000  .00002000  00000-0  15000-3 0  9995
2 91166  98.6000 119.0955 0000497 139.2646 194.7272 14.27379281691180
SSO-91167
1 91167U 26167A   26255.00000000  .00002000  00000-0  15000-3 0  9997
2 91167  98.6000 121.1476 0000418 246.4661 223.5965 14.28012819677214
SSO-91168
1 91168U 26168A   26255.00000000  .00002000  00000-0  15000-3 0  9999
2 91168  98.6000 120.2414 0000030 196.5358 254.9815 14.28139738688196
SSO-91169
1 91169U 26169A   26255.00000000  .00002000  00000-0  15000-3 0  9991
2 91169  98.6000 119.7780 0000801 272.6494 284.8054 14.27578799118456
SSO-91170
1 91170U 26170A   26255.00000000  .00002000  00000-0  15000-3 0  9995
2 91170  98.6000 118.8476 0000750 269.4489 314.6599 14.26873704156687
SSO-91171
1 91171U 26171A   26255.00000000  .00002000  00000-0  15000-3 0  9997
2 91171  98.6000 119.9052 0000017 238.5579 343.7437 14.27244385846793
SSO-91172
1 91172U 26172A   26255.00000000  .00002000  00000-0  15000-3 0  9999
2 91172  98.6000 118.7651 0000321 214.5924  13.9110 14.28035004997543
SSO-91173
1 91173U 26173A   26255.00000000  .00002000  00000-0  15000-3 0  9991
2 91173  98.6000 150.5432 0000634 162.1192  56.4950 14.28094480 50937
SSO-91174
1 91174U 26174A   26255.00000000  .00002000  00000-0  15000-3 0  9993
2 91174  98.6000 149.1140 0000062 224.0323  83.7941 14.27644578670183
SSO-91175
1 91175U 26175A   26255.00000000  .00002000  00000-0  15000-3 0  9995
2 91175  98.6000 149.4672 0000709 189.6561 115.6447 14.27645740379000
SSO-91176
1 91176U 26176A   26255.00000000  .00002000  00000-0  15000-3 0  9997
2 91176  98.6000 150.9710 0000865  58.9972 144.3200 14.27883823450910
SSO-91177
1 91177U 26177A   26255.00000000  .00002000  00000-0  15000-3 0  9999
2 91177  98.6000 149.6954 0000125 190.4926 174.7306 14.27859497884034
SSO-91178
1 91178U 26178A   26255.00000000  .00002000  00000-0  15000-3 0  9991
2 91178  98.6000 150.1336 0000838  16.2579 204.5414 14.27085769 93022
SSO-91179
1 91179U 26179A   26255.00000000  .00002000  00000-0  15000-3 0  9993
2 91179  98.6000 151.3205 0000575  23.3664 235.5584 14.27508179958020
SSO-91180
1 91180U 26180A   26255.00000000  .00002000  00000-0  15000-3 0  9997
2 91180  98.6000 150.0267 0000834  19.2973 266.1923 14.27871243442504
SSO-91181
1 91181U 26181A   26255.00000000  .00002000  00000-0  15000-3 0  9999
2 91181  98.6000 150.0332 0000053 110.4976 295.4369 14.27540907978589
SSO-91182
1 91182U 26182A   26255.00000000  .00002000  00000-0  15000-3 0  9991
2 91182  98.6000 148.5059 0000458 250.8942 326.2266 14.27899996576734
SSO-91183
1 91183U 26183A   26255.00000000  .00002000  00000-0  15000-3 0  9993
2 91183  98.6000 149.9079 0000127 232.3463 355.6200 14.28206082124943
SSO-91184
1 91184U 26184A   26255.00000000  .00002000  00000-0  15000-3 0  9995
2 91184  98.6000 149.1851 0000095  91.2992  23.6726 14.27308263364761
SSO-91185
1 91185U 26185A   26255.00000000  .00002000  00000-0  15000-3 0  9997
2 91185  98.6000 178.6536 0000256 259.8976  66.0780 14.28049771103121
SSO-91186
1 91186U 26186A   26255.00000000  .00002000  00000-0  15000-3 0  9999
2 91186  98.6000 181.2677 0000225 180.5003  96.0331 14.27735985772568
SSO-91187
1 91187U 26187A   26255.00000000  .00002000  00000-0  15000-3 0  9991
2 91187  98.6000 179.1912 0000068 136.1809 125.2121 14.27145031 12378
SSO-91188
1 91188U 26188A   26255.00000000  .00002000  00000-0  15000-3 0  9993
2 91188  98.6000 179.5439 0000513 129.9479 155.4940 14.27549295413767
SSO-91189
1 91189U 26189A   26255.00000000  .00002000  00000-0  15000-3 0  9995
2 91189  98.6000 181.0588 0000067 328.0261 185.6257 14.27473934 25813
SSO-91190
1 91190U 26190A   26255.00000000  .00002000  00000-0  15000-3 0  9999
2 91190  98.6000 180.7400 0000835  22.4207 216.1373 14.27504828292768
SSO-91191
1 91191U 26191A   26255.00000000  .00002000  00000-0  15000-3 0  9991
2 91191  98.6000 179.6924 0000456 198.9551 246.8559 14.28038016813449
SSO-91192
1 91192U 26192A   26255.00000000  .00002000  00000-0  15000-3 0  9993
2 91192  98.6000 179.6237 0000389 125.2036 277.4969 14.28231296912061
SSO-91193
1 91193U 26193A   26255.00000000  .00002000  00000-0  15000-3 0  9995
2 91193  98.6000 178.5605 0000753 351.3159 304.7648 14.27183083432370
SSO-91194
1 91194U 26194A   26255.00000000  .00002000  00000-0  15000-3 0  9997
2 91194  98.6000 179.3578 0000544 141.6104 336.3912 14.27889722365976
SSO-91195
1 91195U 26195A   26255.00000000  .00002000  00000-0  15000-3 0  9999
2 91195  98.6000 180.0315 0000729 134.3540   4.7931 14.27159537561938
SSO-91196
1 91196U 26196A   26255.00000000  .00002000  00000-0  15000-3 0  9991
2 91196  98.6000 178.7556 0000301  55.1279  36.3231 14.27247495244938
SSO-91197
1 91197U 26197A   26255.00000000  .00002000  00000-0  15000-3 0  9993
2 91197  98.6000 209.3892 0000638  59.0586  75.5793 14.27795874918317
SSO-91198
1 91198U 26198A   26255.00000000  .00002000  00000-0  15000-3 0  9995
2 91198  98.6000 209.8351 0000827 315.4018 107.8933 14.27253548632283
SSO-91199
1 91199U 26199A   26255.00000000  .00002000  00000-0  15000-3 0  9997
2 91199  98.6000 209.7683 0000243 280.7850 136.1125 14.27662174548846
SSO-91200
1 91200U 26200A   26255.00000000  .00002000  00000-0  15000-3 0  9993
2 91200  98.6000 209.8372 0000039  15.7847 168.4415 14.28182455695067
SSO-91201
1 91201U 26201A   26255.00000000  .00002000  00000-0  15000-3 0  9995
2 91201  98.6000 211.4304 0000815  30.6578 196.8503 14.27171360504324
SSO-91202
1 91202U 26202A   26255.00000000  .00002000  00000-0  15000-3 0  9997
2 91202  98.6000 210.9944 0000157 350.5123 226.9710 14.27035239685608
SSO-91203
1 91203U 26203A   26255.00000000  .00002000  00000-0  15000-3 0  9999
2 91203  98.6000 210.5600 0000294 226.4851 256.9002 14.27274752952491
SSO-91204
1 91204U 26204A   26255.00000000  .00002000  00000-0  15000-3 0  9991
2 91204  98.6000 210.5674 0000861  93.0411 285.6462 14.27203941367146
SSO-91205
1 91205U 26205A   26255.00000000  .00002000  00000-0  15000-3 0  9993
2 91205  98.6000 210.7167 0000071 213.9101 316.4085 14.27757523120734
SSO-91206
1 91206U 26206A   26255.00000000  .00002000  00000-0  15000-3 0  9995
2 91206  98.6000 209.4429 0000194  34.9482 347.2052 14.27197437283817
SSO-91207
1 91207U 26207A   26255.00000000  .00002000  00000-0  15000-3 0  9997
2 91207  98.6000 209.0198 0000293 114.9335  16.3694 14.28018185897127
SSO-91208
1 91208U 26208A   26255.00000000  .00002000  00000-0  15000-3 0  9999
2 91208  98.6000 210.2102 0000236 278.6384  48.2028 14.28069453373168
SSO-91209
1 91209U 26209A   26255.00000000  .00002000  00000-0  15000-3 0  9991
2 91209  98.6000 239.9837 0000738  56.7529  88.2543 14.27873122624727
SSO-91210
1 91210U 26210A   26255.00000000  .00002000  00000-0  15000-3 0  9995
2 91210  98.6000 239.8926 0000267 208.1404 119.1036 14.26921999514363
SSO-91211
1 91211U 26211A   26255.00000000  .00002000  00000-0  15000-3 0  9997
2 91211  98.6000 240.8413 0000638 282.7828 148.4970 14.28240052958402
SSO-91212
1 91212U 26212A   26255.00000000  .00002000  00000-0  15000-3 0  9999
2 91212  98.6000 241.0591 0000233 237.2913 177.9876 14.28088348843744
SSO-91213
1 91213U 26213A   26255.00000000  .00002000  00000-0  15000-3 0  9991
2 91213  98.6000 240.5049 0000860  27.4363 206.7452 14.27632590996979
SSO-91214
1 91214U 26214A   26255.00000000  .00002000  00000-0  15000-3 0  9993
2 91214  98.6000 240.7205 0000153 340.9104 238.6485 14.27593206400551
SSO-91215
1 91215U 26215A   26255.00000000  .00002000  00000-0  15000-3 0  9995
2 91215  98.6000 240.1640 0000543  80.4922 269.4618 14.27461290634248
SSO-91216
1 91216U 26216A   26255.00000000  .00002000  00000-0  15000-3 0  9997
2 91216  98.6000 240.2561 0000031  35.1445 298.1958 14.26915289530265
SSO-91217
1 91217U 26217A   26255.00000000  .00002000  00000-0  15000-3 0  9999
2 91217  98.6000 239.6704 0000597   8.6384 329.0489 14.26933205457855
SSO-91218
1 91218U 26218A   26255.00000000  .00002000  00000-0  15000-3 0  9991
2 91218  98.6000 241.4870 0000281 224.5724 356.9547 14.27435289677823
SSO-91219
1 91219U 26219A   26255.00000000  .00002000  00000-0  15000-3 0  9993
2 91219  98.6000 240.2606 0000728 160.3521  28.2817 14.27509116882813
SSO-91220
1 91220U 26220A   26255.00000000  .00002000  00000-0  15000-3 0  9997
2 91220  98.6000 238.7215 0000425 162.1139  57.8819 14.27924897186557
SSO-91221
1 91221U 26221A   26255.00000000  .00002000  00000-0  15000-3 0  9999
2 91221  98.6000 270.8851 0000339 105.4140  99.5949 14.27039333580958
SSO-91222
1 91222U 26222A   26255.00000000  .00002000  00000-0  15000-3 0  9991
2 91222  98.6000 270.8771 0000052 240.3106 129.1409 14.27636068  9116
SSO-91223
1 91223U 26223A   26255.00000000  .00002000  00000-0  15000-3 0  9993
2 91223  98.6000 269.9175 0000072 323.6848 158.6381 14.27681012622053
SSO-91224
1 91224U 26224A   26255.00000000  .00002000  00000-0  15000-3 0  9995
2 91224  98.6000 270.1419 0000828 334.4291 187.5797 14.27311838579116
SSO-91225
1 91225U 26225A   26255.00000000  .00002000  00000-0  15000-3 0  9997
2 91225  98.6000 269.1688 0000650 127.1745 218.8075 14.27518414 46381
SSO-91226
1 91226U 26226A   26255.00000000  .00002000  00000-0  15000-3 0  9999
2 91226  98.6000 269.5458 0000561  65.3030 247.8260 14.28130714960637
SSO-91227
1 91227U 26227A   26255.00000000  .00002000  00000-0  15000-3 0  9991
2 91227  98.6000 271.2462 0000565  29.9953 278.1838 14.27685554985223
SSO-91228
1 91228U 26228A   26255.00000000  .00002000  00000-0  15000-3 0  9993
2 91228  98.6000 268.5191 0000672 201.8941 308.5571 14.26847172813103
SSO-91229
1 91229U 26229A   26255.00000000  .00002000  00000-0  15000-3 0  9995
2 91229  98.6000 271.0492 0000884 353.6576 339.9925 14.27577559194251
SSO-91230
1 91230U 26230A   26255.00000000  .00002000  00000-0  15000-3 0  9999
2 91230  98.6000 268.8172 0000607 138.6389   7.9467 14.27109744799338
SSO-91231
1 91231U 26231A   26255.00000000  .00002000  00000-0  15000-3 0  9991
2 91231  98.6000 269.6113 0000614  34.8946  38.0528 14.27106626 77223
SSO-91232
1 91232U 26232A   26255.00000000  .00002000  00000-0  15000-3 0  9993
2 91232  98.6000 269.7197 0000367  28.1820  69.5017 14.27504948 76094
SSO-91233
1 91233U 26233A   26255.00000000  .00002000  00000-0  15000-3 0  9995
2 91233  98.6000 299.2115 0000393 245.8234 110.7874 14.28210412856973
SSO-91234
1 91234U 26234A   26255.00000000  .00002000  00000-0  15000-3 0  9997
2 91234  98.6000 301.1893 0000038 357.5737 139.3748 14.27256030494436
SSO-91235
1 91235U 26235A   26255.00000000  .00002000  00000-0  15000-3 0  9999
2 91235  98.6000 299.7220 0000529  26.1931 171.1320 14.27309765128431
SSO-91236
1 91236U 26236A   26255.00000000  .00002000  00000-0  15000-3 0  9991
2 91236  98.6000 301.4942 0000486 104.8248 199.4785 14.27027698446164
SSO-91237
1 91237U 26237A   26255.00000000  .00002000  00000-0  15000-3 0  9993
2 91237  98.6000 299.0621 0000274  83.0066 229.0203 14.27300947904044
SSO-91238
1 91238U 26238A   26255.00000000  .00002000  00000-0  15000-3 0  9995
2 91238  98.6000 300.7280 0000584 257.0284 259.9023 14.27772973186344
SSO-91239
1 91239U 26239A   26255.00000000  .00002000  00000-0  15000-3 0  9997
2 91239  98.6000 301.3008 0000388 129.7426 290.0332 14.26989205327573
SSO-91240
1 91240U 26240A   26255.00000000  .00002000  00000-0  15000-3 0  9991
2 91240  98.6000 299.3220 0000558 333.0665 318.9382 14.27684410146611
SSO-91241
1 91241U 26241A   26255.00000000  .00002000  00000-0  15000-3 0  9993
2 91241  98.6000 300.3919 0000302 210.7732 349.0331 14.27008894436722
SSO-91242
1 91242U 26242A   26255.00000000  .00002000  00000-0  15000-3 0  9995
2 91242  98.6000 299.2566 0000338 297.2255  20.9629 14.28132143984354
SSO-91243
1 91243U 26243A   26255.00000000  .00002000  00000-0  15000-3 0  9997
2 91243  98.6000 298.6433 0000013 153.3653  50.3236 14.27989111541225
SSO-91244
1 91244U 26244A   26255.00000000  .00002000  00000-0  15000-3 0  9999
2 91244  98.6000 300.5474 0000714 274.3005  80.8779 14.27280318271725
SSO-91245
1 91245U 26245A   26255.00000000  .00002000  00000-0  15000-3 0  9991
2 91245  98.6000 330.5118 0000820 119.8234 121.0742 14.28083909106193
SSO-91246
1 91246U 26246A   26255.00000000  .00002000  00000-0  15000-3 0  9993
2 91246  98.6000 331.2663 0000785 281.5425 150.6099 14.27235302190816
SSO-91247
1 91247U 26247A   26255.00000000  .00002000  00000-0  15000-3 0  9995
2 91247  98.6000 329.8794 0000326 140.0528 180.6984 14.27047967900902
SSO-91248
1 91248U 26248A   26255.00000000  .00002000  00000-0  15000-3 0  9997
2 91248  98.6000 330.5780 0000281 205.9396 212.4721 14.27944712126278
SSO-91249
1 91249U 26249A   26255.00000000  .00002000  00000-0  15000-3 0  9999
2 91249  98.6000 329.4968 0000205 140.2993 241.7361 14.27977960509129
SSO-91250
1 91250U 26250A   26255.00000000  .00002000  00000-0  15000-3 0  9993
2 91250  98.6000 329.2011 0000035 277.9327 270.3619 14.28092790695601
SSO-91251
1 91251U 26251A   26255.00000000  .00002000  00000-0  15000-3 0  9995
2 91251  98.6000 330.2424 0000023   4.9291 299.6652 14.27877550950167
SSO-91252
1 91252U 26252A   26255.00000000  .00002000  00000-0  15000-3 0  9997
2 91252  98.6000 330.2431 0000090 104.2357 330.9458 14.28073693693149
SSO-91253
1 91253U 26253A   26255.00000000  .00002000  00000-0  15000-3 0  9999
2 91253  98.6000 329.6510 0000577  42.2454   1.2306 14.27403829240919
SSO-91254
1 91254U 26254A   26255.00000000  .00002000  00000-0  15000-3 0  9991
2 91254  98.6000 328.6102 0000056  35.8934  30.9700 14.28114924793757
SSO-91255
1 91255U 26255A   26255.00000000  .00002000  00000-0  15000-3 0  9993
2 91255  98.6000 330.6885 0000259  31.7484  61.6830 14.28050737235734
SSO-91256
1 91256U 26256A   26255.00000000  .00002000  00000-0  15000-3 0  9995
2 91256  98.6000 329.6936 0000679  15.3417  91.0168 14.27707832 20489
SCATTER-91257
1 91257U 26257A   26255.00000000  .00002000  00000-0  15000-3 0  9997
2 91257  10.3806 359.5693 0000230  24.0685   0.4276 13.87193753257903
SCATTER-91258
1 91258U 26258A   26255.00000000  .00002000  00000-0  15000-3 0  9999
2 91258  64.5135 359.0762 0000708  75.4584  27.0040 14.43820013336350
SCATTER-91259
1 91259U 26259A   26255.00000000  .00002000  00000-0  15000-3 0  9991
2 91259  35.6051   1.2056 0000742  18.3628  52.6908 13.65693217950774
SCATTER-91260
1 91260U 26260A   26255.00000000  .00002000  00000-0  15000-3 0  9995
2 91260  79.4447 358.9793 0000152 180.5454  76.9097 15.05519014139714
SCATTER-91261
1 91261U 26261A   26255.00000000  .00002000  00000-0  15000-3 0  9997
2 91261  44.1639 358.9880 0000663 124.9791 104.1888 14.70660808676309
SCATTER-91262
1 91262U 26262A   26255.00000000  .00002000  00000-0  15000-3 0  9999
2 91262  25.8492   1.1245 0000297 165.8117 129.4468 15.22501543795522
SCATTER-91263
1 91263U 26263A   26255.00000000  .00002000  00000-0  15000-3 0  9991
2 91263  37.3910   0.9371 0000690 168.9550 154.2502 13.27190424742673
SCATTER-91264
1 91264U 26264A   26255.00000000  .00002000  00000-0  15000-3 0  9993
2 91264  50.4505 359.6942 0000418 124.2036 178.6100 14.84001495471575
SCATTER-91265
1 91265U 26265A   26255.00000000  .00002000  00000-0  15000-3 0  9995
2 91265  42.5425   1.4769 0000288 199.7832 204.4756 15.37688052656472
SCATTER-91266
1 91266U 26266A   26255.00000000  .00002000  00000-0  15000-3 0  9997
2 91266  19.8527 358.7362 0000740 300.6326 232.1225 15.51400384647963
SCATTER-91267
1 91267U 26267A   26255.00000000  .00002000  00000-0  15000-3 0  9999
2 91267  49.2505   1.2564 0000556 335.9413 257.1050 12.82345155853264
SCATTER-91268
1 91268U 26268A   26255.00000000  .00002000  00000-0  15000-3 0  9991
2 91268  65.0015 359.4970 0000150 137.3057 282.9653 15.29966774642805
SCATTER-91269
1 91269U 26269A   26255.00000000  .00002000  00000-0  15000-3 0  9993
2 91269  52.2232   1.2686 0000705  11.1234 307.5577 13.51374134501565
SCATTER-91270
1 91270U 26270A   26255.00000000  .00002000  00000-0  15000-3 0  9997
2 91270  93.5092 358.8293 0000153 197.0681 333.6490 13.08787604157665
SCATTER-91271
1 91271U 26271A   26255.00000000  .00002000  00000-0  15000-3 0  9999
2 91271  86.7017  25.9785 0000592 334.6337  12.2158 15.54003207722425
SCATTER-91272
1 91272U 26272A   26255.00000000  .00002000  00000-0  15000-3 0  9991
2 91272  18.0523  26.8614 0000405 149.0652  38.0038 13.54963974973085
SCATTER-91273
1 91273U 26273A   26255.00000000  .00002000  00000-0  15000-3 0  9993
2 91273  75.8847  26.3884 0000872 141.0733  61.7198 13.99138239715137
SCATTER-91274
1 91274U 26274A   26255.00000000  .00002000  00000-0  15000-3 0  9995
2 91274  95.3112  25.5118 0000014  76.3074  86.9175 13.23723929 15766
SCATTER-91275
1 91275U 26275A   26255.00000000  .00002000  00000-0  15000-3 0  9997
2 91275  86.4918  24.5664 0000132 151.6670 112.6714 13.54238361375880
SCATTER-91276
1 91276U 26276A   26255.00000000  .00002000  00000-0  15000-3 0  9999
2 91276   0.6103  26.4619 0000822 314.5143 139.0647 13.85335444522748
SCATTER-91277
1 91277U 26277A   26255.00000000  .00002000  00000-0  15000-3 0  9991
2 91277  50.4459  24.6219 0000867 313.5945 166.6047 15.20232759 75514
SCATTER-91278
1 91278U 26278A   26255.00000000  .00002000  00000-0  15000-3 0  9993
2 91278  55.0038  26.1893 0000266 231.5747 190.7865 12.84608305884117
SCATTER-91279
1 91279U 26279A   26255.00000000  .00002000  00000-0  15000-3 0  9995
2 91279  94.3704  25.6070 0000402 228.1700 215.6985 15.08820702669766
SCATTER-91280
1 91280U 26280A   26255.00000000  .00002000  00000-0  15000-3 0  9999
2 91280  81.1955  25.0550 0000801 151.2664 243.4754 12.73015071125309
SCATTER-91281
1 91281U 26281A   26255.00000000  .00002000  00000-0  15000-3 0  9991
2 91281  41.5051  25.4531 0000294 334.8008 267.5585 15.06071564700448
SCATTER-91282
1 91282U 26282A   26255.00000000  .00002000  00000-0  15000-3 0  9993
2 91282  36.9606  25.3409 0000154 248.5722 292.8912 14.41908460416637
SCATTER-91283
1 91283U 26283A   26255.00000000  .00002000  00000-0  15000-3 0  9995
2 91283  13.8392  26.3048 0000368 319.3736 320.9125 13.13325712998706
SCATTER-91284
1 91284U 26284A   26255.00000000  .00002000  00000-0  15000-3 0  9997
2 91284  60.8207  25.2322 0000223 284.4599 346.2171 14.47477492450308
SCATTER-91285
1 91285U 26285A   26255.00000000  .00002000  00000-0  15000-3 0  9999
2 91285   6.3550  52.7434 0000047  42.1232  20.7920 14.52768775564766
SCATTER-91286
1 91286U 26286A   26255.00000000  .00002000  00000-0  15000-3 0  9991
2 91286  14.3130  51.2236 0000833  40.5704  47.2566 13.19559514395003
SCATTER-91287
1 91287U 26287A   26255.00000000  .00002000  00000-0  15000-3 0  9993
2 91287   9.8567  52.3889 0000033 285.7756  74.5308 12.68277662611434
SCATTER-91288
1 91288U 26288A   26255.00000000  .00002000  00000-0  15000-3 0  9995
2 91288  76.0908  50.4752 0000574 209.9538  98.4396 13.82892267535511
SCATTER-91289
1 91289U 26289A   26255.00000000  .00002000  00000-0  15000-3 0  9997
2 91289  61.1820  52.4560 0000194 319.6963 123.4997 14.87817717357519
SCATTER-91290
1 91290U 26290A   26255.00000000  .00002000  00000-0  15000-3 0  9991
2 91290  63.7429  52.6218 0000426  67.7128 149.7537 14.71180273433742
SCATTER-91291
1 91291U 26291A   26255.00000000  .00002000  00000-0  15000-3 0  9993
2 91291  17.3466  52.3433 0000476  58.3404 175.2671 13.07711862 18499
SCATTER-91292
1 91292U 26292A   26255.00000000  .00002000  00000-0  15000-3 0  9995
2 91292  56.4345  52.9268 0000155 346.6820 201.9288 13.24382858417831
SCATTER-91293
1 91293U 26293A   26255.00000000  .00002000  00000-0  15000-3 0  9997
2 91293  35.8271  52.1838 0000346 134.4671 228.0752 13.74161054752190
SCATTER-91294
1 91294U 26294A   26255.00000000  .00002000  00000-0  15000-3 0  9999
2 91294  40.0430  51.0442 0000852 281.4047 253.2952 15.32783458269387
SCATTER-91295
1 91295U 26295A   26255.00000000  .00002000  00000-0  15000-3 0  9991
2 91295  20.3425  50.3838 0000163 218.1489 278.1055 15.61989564429124
SCATTER-91296
1 91296U 26296A   26255.00000000  .00002000  00000-0  15000-3 0  9993
2 91296  32.6464  49.9419 0000340 206.9088 304.4008 14.14132230 13947
SCATTER-91297
1 91297U 26297A   26255.00000000  .00002000  00000-0  15000-3 0  9995
2 91297  30.6366  51.1229 0000842 163.9723 329.5945 13.83322067781030
SCATTER-91298
1 91298U 26298A   26255.00000000  .00002000  00000-0  15000-3 0  9997
2 91298  89.6311  51.4600 0000683 177.9605 355.2745 14.89328362 85625
SCATTER-91299
1 91299U 26299A   26255.00000000  .00002000  00000-0  15000-3 0  9999
2 91299  96.9457  78.0831 0000036 199.1954  33.6630 14.23895347903667
SCATTER-91300
1 91300U 26300A   26255.00000000  .00002000  00000-0  15000-3 0  9995
2 91300  15.4270  78.5183 0000831 164.9905  57.8628 13.99211000714387
SCATTER-91301
1 91301U 26301A   26255.00000000  .00002000  00000-0  15000-3 0  9997
2 91301  34.5908  78.0982 0000811 115.0064  83.4094 14.01620426330141
SCATTER-91302
1 91302U 26302A   26255.00000000  .00002000  00000-0  15000-3 0  9999
2 91302   5.2089  76.4698 0000682 233.2584 109.4673 13.30421764745641
SCATTER-91303
1 91303U 26303A   26255.00000000  .00002000  00000-0  15000-3 0  9991
2 91303  15.1087  77.8234 0000450 104.4564 135.8873 15.40610030208278
SCATTER-91304
1 91304U 26304A   26255.00000000  .00002000  00000-0  15000-3 0  9993
2 91304   0.7711  77.3304 0000430 327.3414 160.3561 13.48107768773969
SCATTER-91305
1 91305U 26305A   26255.00000000  .00002000  00000-0  15000-3 0  9995
2 91305  28.6209  76.2475 0000256  51.3367 188.6362 14.98322705201442
SCATTER-91306
1 91306U 26306A   26255.00000000  .00002000  00000-0  15000-3 0  9997
2 91306  44.5629  78.0789 0000861  69.2836 212.3232 12.71053165391839
SCATTER-91307
1 91307U 26307A   26255.00000000  .00002000  00000-0  15000-3 0  9999
2 91307  22.2110  76.7895 0000090  58.4972 237.3813 14.18318330896480
SCATTER-91308
1 91308U 26308A   26255.00000000  .00002000  00000-0  15000-3 0  9991
2 91308  13.3482  75.8986 0000542  87.6379 265.4873 13.85883254 61018
SCATTER-91309
1 91309U 26309A   26255.00000000  .00002000  00000-0  15000-3 0  9993
2 91309  82.3530  77.2864 0000302 139.6889 289.4797 13.73239106  7848
SCATTER-91310
1 91310U 26310A   26255.00000000  .00002000  00000-0  15000-3 0  9997
2 91310  86.7194  77.6256 0000304 179.1379 316.3098 14.23882789996385
SCATTER-91311
1 91311U 26311A   26255.00000000  .00002000  00000-0  15000-3 0  9999
2 91311  24.2716  77.0157 0000632 229.1939 340.9314 14.15568841 75067
SCATTER-91312
1 91312U 26312A   26255.00000000  .00002000  00000-0  15000-3 0  9991
2 91312  26.6787  76.2376 0000040 189.6970   6.1303 13.48331196479168
SCATTER-91313
1 91313U 26313A   26255.00000000  .00002000  00000-0  15000-3 0  9993
2 91313  97.6520 104.0902 0000148 250.6800  43.1440 15.39395505164976
SCATTER-91314
1 91314U 26314A   26255.00000000  .00002000  00000-0  15000-3 0  9995
2 91314  14.9661 104.1897 0000841  33.4829  71.1644 13.89238060428668
SCATTER-91315
1 91315U 26315A   26255.00000000  .00002000  00000-0  15000-3 0  9997
2 91315  13.8163 103.3042 0000251  56.8259  95.9932 12.77694741825896
SCATTER-91316
1 91316U 26316A   26255.00000000  .00002000  00000-0  15000-3 0  9999
2 91316  28.8318 102.0106 0000770 305.4088 119.9776 13.74167667837369
SCATTER-91317
1 91317U 26317A   26255.00000000  .00002000  00000-0  15000-3 0  9991
2 91317  44.6899 102.5819 0000579 111.3195 146.5211 14.75385765461722
SCATTER-91318
1 91318U 26318A   26255.00000000  .00002000  00000-0  15000-3 0  9993
2 91318  95.9127 101.5898 0000411 119.3036 171.2868 13.08410746444232
SCATTER-91319
1 91319U 26319A   26255.00000000  .00002000  00000-0  15000-3 0  9995
2 91319  47.3735 102.5133 0000540 181.7047 198.2459 13.63570452837840
SCATTER-91320
1 91320U 26320A   26255.00000000  .00002000  00000-0  15000-3 0  9999
2 91320 103.5818 103.8617 0000526  32.7720 225.1024 13.33944305810722
SCATTER-91321
1 91321U 26321A   26255.00000000  .00002000  00000-0  15000-3 0  9991
2 91321  35.3270 103.1046 0000633 284.3917 250.4235 14.96701825586574
SCATTER-91322
1 91322U 26322A   26255.00000000  .00002000  00000-0  15000-3 0  9993
2 91322  19.5373 101.8898 0000614  95.9640 276.5233 13.78623226644064
SCATTER-91323
1 91323U 26323A   26255.00000000  .00002000  00000-0  15000-3 0  9995
2 91323  94.4101 104.3250 0000004  62.0566 299.9185 14.60354084823699
SCATTER-91324
1 91324U 26324A   26255.00000000  .00002000  00000-0  15000-3 0  9997
2 91324  69.6523 101.8465 0000400 200.1757 327.1378 14.71530458114660
SCATTER-91325
1 91325U 26325A   26255.00000000  .00002000  00000-0  15000-3 0  9999
2 91325  94.4155 101.6455 0000555 148.0322 352.4208 14.09879115848073
SCATTER-91326
1 91326U 26326A   26255.00000000  .00002000  00000-0  15000-3 0  9991
2 91326  90.7171 101.5415 0000872  62.3760  19.6486 12.80858669936102
SCATTER-91327
1 91327U 26327A   26255.00000000  .00002000  00000-0  15000-3 0  9993
2 91327  50.3446 127.9573 0000109 215.8266  56.4822 13.04361734377040
SCATTER-91328
1 91328U 26328A   26255.00000000  .00002000  00000-0  15000-3 0  9995
2 91328  36.4423 127.3426 0000718 265.4439  79.2237 15.37404551715470
SCATTER-91329
1 91329U 26329A   26255.00000000  .00002000  00000-0  15000-3 0  9997
2 91329  17.8508 128.1855 0000164 301.5227 105.4985 15.13997134741148
SCATTER-91330
1 91330U 26330A   26255.00000000  .00002000  00000-0  15000-3 0  9991
2 91330   5.8952 128.2851 0000682  71.3956 133.3843 13.77839374888732
SCATTER-91331
1 91331U 26331A   26255.00000000  .00002000  00000-0  15000-3 0  9993
2 91331  94.8472 128.0407 0000569 125.2914 157.1340 14.64531305571410
SCATTER-91332
1 91332U 26332A   26255.00000000  .00002000  00000-0  15000-3 0  9995
2 91332  91.8697 127.6854 0000636 161.9108 183.1470 15.57492781630376
SCATTER-91333
1 91333U 26333A   26255.00000000  .00002000  00000-0  15000-3 0  9997
2 91333  31.9688 127.3567 0000788 115.7177 209.5458 14.21470898882059
SCATTER-91334
1 91334U 26334A   26255.00000000  .00002000  00000-0  15000-3 0  9999
2 91334  51.5277 129.9501 0000243  54.8426 234.6938 14.05905770271007
SCATTER-91335
1 91335U 26335A   26255.00000000  .00002000  00000-0  15000-3 0  9991
2 91335  75.8793 128.8625 0000139 142.3721 260.0362 12.74195524954510
SCATTER-91336
1 91336U 26336A   26255.00000000  .00002000  00000-0  15000-3 0  9993
2 91336  38.4982 129.3523 0000133 180.1435 287.8825 14.76316305948740
SCATTER-91337
1 91337U 26337A   26255.00000000  .00002000  00000-0  15000-3 0  9995
2 91337  86.7527 128.9991 0000188 152.9846 311.1840 13.58031297221070
SCATTER-91338
1 91338U 26338A   26255.00000000  .00002000  00000-0  15000-3 0  9997
2 91338  67.8300 128.6632 0000637 349.8052 337.9769 13.37421300334980
SCATTER-91339
1 91339U 26339A   26255.00000000  .00002000  00000-0  15000-3 0  9999
2 91339  34.1704 127.3459 0000121 275.7142   2.7416 14.40967453848923
SCATTER-91340
1 91340U 26340A   26255.00000000  .00002000  00000-0  15000-3 0  9993
2 91340  10.7010 128.0024 0000845 171.8080  30.3033 13.58594218646854
SCATTER-91341
1 91341U 26341A   26255.00000000  .00002000  00000-0  15000-3 0  9995
2 91341  60.3866 153.7669 0000729 126.6680  66.1601 14.19854285181831
SCATTER-91342
1 91342U 26342A   26255.00000000  .00002000  00000-0  15000-3 0  9997
2 91342  28.5706 155.3924 0000022  49.5382  92.5698 13.78532822807604
SCATTER-91343
1 91343U 26343A   26255.00000000  .00002000  00000-0  15000-3 0  9999
2 91343  45.8247 154.0292 0000388 344.7605 117.6279 12.85427275221532
SCATTER-91344
1 91344U 26344A   26255.00000000  .00002000  00000-0  15000-3 0  9991
2 91344  68.5587 153.3016 0000526 287.0983 142.2920 13.74650892152532
SCATTER-91345
1 91345U 26345A   26255.00000000  .00002000  00000-0  15000-3 0  9993
2 91345  76.1243 154.1108 0000823  97.2434 168.2479 13.68794292469589
SCATTER-91346
1 91346U 26346A   26255.00000000  .00002000  00000-0  15000-3 0  9995
2 91346   7.0741 153.6624 0000129 201.5363 194.4370 13.61136425388080
SCATTER-91347
1 91347U 26347A   26255.00000000  .00002000  00000-0  15000-3 0  9997
2 91347  23.9966 153.4922 0000040  84.1106 220.7687 12.85762851277532
SCATTER-91348
1 91348U 26348A   26255.00000000  .00002000  00000-0  15000-3 0  9999
2 91348  79.2185 154.4219 0000441 128.9554 246.2060 12.71794089628811
SCATTER-91349
1 91349U 26349A   26255.00000000  .00002000  00000-0  15000-3 0  9991
2 91349  18.4409 155.1840 0000437 286.9013 273.0333 12.94336014845552
SCATTER-91350
1 91350U 26350A   26255.00000000  .00002000  00000-0  15000-3 0  9995
2 91350   9.4158 155.7412 0000190 299.9765 297.5016 15.24986656413515
SCATTER-91351
1 91351U 26351A   26255.00000000  .00002000  00000-0  15000-3 0  9997
2 91351  14.2436 154.9317 0000589  56.3051 321.9157 13.89298795361518
SCATTER-91352
1 91352U 26352A   26255.00000000  .00002000  00000-0  15000-3 0  9999
2 91352  78.2121 154.2780 0000874 102.0691 349.4952 13.41891436191836
SCATTER-91353
1 91353U 26353A   26255.00000000  .00002000  00000-0  15000-3 0  9991
2 91353 104.6233 154.0738 0000333 347.5201  15.6745 15.22862881509321
SCATTER-91354
1 91354U 26354A   26255.00000000  .00002000  00000-0  15000-3 0  9993
2 91354  93.0784 154.9177 0000101 223.9268  40.5038 13.21987212182684
SCATTER-91355
1 91355U 26355A   26255.00000000  .00002000  00000-0  15000-3 0  9995
2 91355  82.4561 180.9412 0000637  34.5978  76.1700 14.19216451243574
SCATTER-91356
1 91356U 26356A   26255.00000000  .00002000  00000-0  15000-3 0  9997
2 91356   3.2044 180.4236 0000810 151.2125 101.4614 12.81293472694789
SCATTER-91357
1 91357U 26357A   26255.00000000  .00002000  00000-0  15000-3 0  9999
2 91357  42.9518 179.6152 0000661  61.0792 129.2458 14.52646577 11522
SCATTER-91358
1 91358U 26358A   26255.00000000  .00002000  00000-0  15000-3 0  9991
2 91358  13.2027 180.5578 0000136 352.1496 154.5267 15.07914168422197
SCATTER-91359
1 91359U 26359A   26255.00000000  .00002000  00000-0  15000-3 0  9993
2 91359  58.7377 179.2947 0000513 292.7940 179.1930 13.10433337528785
SCATTER-91360
1 91360U 26360A   26255.00000000  .00002000  00000-0  15000-3 0  9997
2 91360   4.0041 180.9695 0000439 198.7464 204.5894 15.15111988479106
SCATTER-91361
1 91361U 26361A   26255.00000000  .00002000  00000-0  15000-3 0  9999
2 91361  98.6299 178.8703 0000291 190.5466 230.6091 13.73827618188455
SCATTER-91362
1 91362U 26362A   26255.00000000  .00002000  00000-0  15000-3 0  9991
2 91362  94.0923 179.8810 0000391 131.8866 258.4616 14.18307003712896
SCATTER-91363
1 91363U 26363A   26255.00000000  .00002000  00000-0  15000-3 0  9993
2 91363  48.3912 180.7300 0000289  18.0591 281.3721 13.86753905374952
SCATTER-91364
1 91364U 26364A   26255.00000000  .00002000  00000-0  15000-3 0  9995
2 91364  77.0882 181.4220 0000127 257.6053 307.8477 14.17398253919999
SCATTER-91365
1 91365U 26365A   26255.00000000  .00002000  00000-0  15000-3 0  9997
2 91365  75.6435 181.3433 0000816 238.0526 333.7523 13.28370213802499
SCATTER-91366
1 91366U 26366A   26255.00000000  .00002000  00000-0  15000-3 0  9999
2 91366  21.8798 179.0387 0000813 164.6990 358.8410 13.06156840633751
SCATTER-91367
1 91367U 26367A   26255.00000000  .00002000  00000-0  15000-3 0  9991
2 91367  82.2261 181.4725 0000624  54.4454  24.8142 15.30342605185931
SCATTER-91368
1 91368U 26368A   26255.00000000  .00002000  00000-0  15000-3 0  9993
2 91368  57.4262 181.0267 0000276  28.1404  50.2546 13.08057027912304
SCATTER-91369
1 91369U 26369A   26255.00000000  .00002000  00000-0  15000-3 0  9995
2 91369  87.2393 205.7558 0000097  79.6598  87.2803 13.57595658303114
SCATTER-91370
1 91370U 26370A   26255.00000000  .00002000  00000-0  15000-3 0  9999
2 91370  49.2325 204.7739 0000017 158.5793 112.2359 14.16874030 45146
SCATTER-91371
1 91371U 26371A   26255.00000000  .00002000  00000-0  15000-3 0  9991
2 91371  46.5521 205.0648 0000284 148.6302 140.8413 13.25922455464226
SCATTER-91372
1 91372U 26372A   26255.00000000  .00002000  00000-0  15000-3 0  9993
2 91372  19.4077 205.3439 0000169 142.8414 164.2243 14.88472023729243
SCATTER-91373
1 91373U 26373A   26255.00000000  .00002000  00000-0  15000-3 0  9995
2 91373  50.0146 204.8916 0000772 238.2147 190.8793 12.91891732478047
SCATTER-91374
1 91374U 26374A   26255.00000000  .00002000  00000-0  15000-3 0  9997
2 91374  91.0790 204.4211 0000380 212.4602 215.6537 14.90949365145092
SCATTER-91375
1 91375U 26375A   26255.00000000  .00002000  00000-0  15000-3 0  9999
2 91375  17.6063 205.8010 0000815 170.1598 240.8256 12.77402466101469
SCATTER-91376
1 91376U 26376A   26255.00000000  .00002000  00000-0  15000-3 0  9991
2 91376  76.2488 207.1430 0000259 102.2816 266.8282 15.60850748 62439
SCATTER-91377
1 91377U 26377A   26255.00000000  .00002000  00000-0  15000-3 0  9993
2 91377  82.0425 205.1323 0000801  10.7398 294.2155 14.67346395 32532
SCATTER-91378
1 91378U 26378A   26255.00000000  .00002000  00000-0  15000-3 0  9995
2 91378   3.7442 205.9063 0000048  96.3898 318.8942 14.25046628592087
SCATTER-91379
1 91379U 26379A   26255.00000000  .00002000  00000-0  15000-3 0  9997
2 91379  87.6830 204.4075 0000334 341.0546 345.8443 15.38063749948567
SCATTER-91380
1 91380U 26380A   26255.00000000  .00002000  00000-0  15000-3 0  9991
2 91380  29.4092 204.3193 0000737 119.1956  10.5475 14.12144326 80019
SCATTER-91381
1 91381U 26381A   26255.00000000  .00002000  00000-0  15000-3 0  9993
2 91381  67.7675 204.7176 0000287 122.7775  37.1558 14.22232357827790
SCATTER-91382
1 91382U 26382A   26255.00000000  .00002000  00000-0  15000-3 0  9995
2 91382  12.4757 206.7011 0000116 219.0826  62.4716 13.18692955573611
SCATTER-91383
1 91383U 26383A   26255.00000000  .00002000  00000-0  15000-3 0  9997
2 91383  42.8829 231.8095 0000357 167.8977  99.6775 13.84757394862401
SCATTER-91384
1 91384U 26384A   26255.00000000  .00002000  00000-0  15000-3 0  9999
2 91384  99.7116 229.9419 0000662  45.3229 125.7661 12.74806262438657
SCATTER-91385
1 91385U 26385A   26255.00000000  .00002000  00000-0  15000-3 0  9991
2 91385 102.0948 231.8606 0000382  69.3459 149.7254 14.52371957464894
SCATTER-91386
1 91386U 26386A   26255.00000000  .00002000  00000-0  15000-3 0  9993
2 91386  43.2512 230.4337 0000169   9.8958 177.4941 13.69480907 28362
SCATTER-91387
1 91387U 26387A   26255.00000000  .00002000  00000-0  15000-3 0  9995
2 91387  78.1177 232.8471 0000586 261.8732 200.3750 12.71964185322329
SCATTER-91388
1 91388U 26388A   26255.00000000  .00002000  00000-0  15000-3 0  9997
2 91388  90.4637 231.4151 0000596   1.9642 226.5732 13.93733837217485
SCATTER-91389
1 91389U 26389A   26255.00000000  .00002000  00000-0  15000-3 0  9999
2 91389  26.3974 230.5984 0000269 140.8373 253.8761 13.62138674533551
SCATTER-91390
1 91390U 26390A   26255.00000000  .00002000  00000-0  15000-3 0  9993
2 91390  17.5648 231.3879 0000734  78.2926 279.6869 13.30184759 98001
SCATTER-91391
1 91391U 26391A   26255.00000000  .00002000  00000-0  15000-3 0  9995
2 91391  97.1119 231.6163 0000431 358.1080 306.1981 15.49405735427057
SCATTER-91392
1 91392U 26392A   26255.00000000  .00002000  00000-0  15000-3 0  9997
2 91392  33.8050 231.2192 0000793 281.2968 328.9455 12.66138127612158
SCATTER-91393
1 91393U 26393A   26255.00000000  .00002000  00000-0  15000-3 0  9999
2 91393  53.4714 230.8775 0000474 175.1971 355.3584 13.12974315598145
SCATTER-91394
1 91394U 26394A   26255.00000000  .00002000  00000-0  15000-3 0  9991
2 91394  39.5262 232.6619 0000012 164.9321  22.7949 13.17409377715270
SCATTER-91395
1 91395U 26395A   26255.00000000  .00002000  00000-0  15000-3 0  9993
2 91395 103.3376 231.2612 0000744 295.7464  47.0974 12.72690961624232
SCATTER-91396
1 91396U 26396A   26255.00000000  .00002000  00000-0  15000-3 0  9995
2 91396  34.1504 230.1994 0000297 293.0596  72.1243 12.97810589 92355
SCATTER-91397
1 91397U 26397A   26255.00000000  .00002000  00000-0  15000-3 0  9997
2 91397   6.6090 256.6351 0000546 323.8874 109.7401 14.52330498622089
SCATTER-91398
1 91398U 26398A   26255.00000000  .00002000  00000-0  15000-3 0  9999
2 91398  61.9221 256.1687 0000781  77.1313 134.4993 13.73797935164509
SCATTER-91399
1 91399U 26399A   26255.00000000  .00002000  00000-0  15000-3 0  9991
2 91399  83.3227 256.6934 0000284  24.9012 160.1722 12.97946611568278
SCATTER-91400
1 91400U 26400A   26255.00000000  .00002000  00000-0  15000-3 0  9997
2 91400  28.6673 258.0503 0000638 330.8855 187.6103 13.43451090850021
SCATTER-91401
1 91401U 26401A   26255.00000000  .00002000  00000-0  15000-3 0  9999
2 91401  29.3801 257.0252 0000814   7.6171 213.5084 13.95662827786258
SCATTER-91402
1 91402U 26402A   26255.00000000  .00002000  00000-0  15000-3 0  9991
2 91402  11.7514 258.0100 0000734  21.8871 239.0078 15.20829079350992
SCATTER-91403
1 91403U 26403A   26255.00000000  .00002000  00000-0  15000-3 0  9993
2 91403  86.3103 255.9435 0000878  43.6811 264.7876 13.58000798407203
SCATTER-91404
1 91404U 26404A   26255.00000000  .00002000  00000-0  15000-3 0  9995
2 91404  37.8477 256.5271 0000633 267.1793 288.6847 14.23954657485580
SCATTER-91405
1 91405U 26405A   26255.00000000  .00002000  00000-0  15000-3 0  9997
2 91405  69.5244 256.3235 0000465  89.3888 316.6486 14.00020108728418
SCATTER-91406
1 91406U 26406A   26255.00000000  .00002000  00000-0  15000-3 0  9999
2 91406 102.1161 257.2645 0000445 256.3467 340.1456 13.34703360814692
SCATTER-91407
1 91407U 26407A   26255.00000000  .00002000  00000-0  15000-3 0  9991
2 91407  38.5480 258.2856 0000897  87.4230   6.3283 12.98459460194931
SCATTER-91408
1 91408U 26408A   26255.00000000  .00002000  00000-0  15000-3 0  9993
2 91408  57.2784 256.6948 0000677 317.6078  31.7877 13.52597587 91712
SCATTER-91409
1 91409U 26409A   26255.00000000  .00002000  00000-0  15000-3 0  9995
2 91409 102.6154 257.4251 0000444 317.0080  59.9141 12.75954097455340
SCATTER-91410
1 91410U 26410A   26255.00000000  .00002000  00000-0  15000-3 0  9999
2 91410  55.4959 257.4280 0000182 163.7991  83.1653 13.21524057384695
SCATTER-91411
1 91411U 26411A   26255.00000000  .00002000  00000-0  15000-3 0  9991
2 91411  74.4222 281.8646 0000020 254.3611 121.3633 12.83073500465944
SCATTER-91412
1 91412U 26412A   26255.00000000  .00002000  00000-0  15000-3 0  9993
2 91412   9.6621 284.2910 0000768 200.9416 145.6245 13.99551189559380
SCATTER-91413
1 91413U 26413A   26255.00000000  .00002000  00000-0  15000-3 0  9995
2 91413  32.2002 282.6819 0000654  85.9925 171.6900 15.00777609353218
SCATTER-91414
1 91414U 26414A   26255.00000000  .00002000  00000-0  15000-3 0  9997
2 91414  98.8745 283.9226 0000611 237.1172 199.1361 12.90948399851036
SCATTER-91415
1 91415U 26415A   26255.00000000  .00002000  00000-0  15000-3 0  9999
2 91415  54.2755 282.1244 0000851  40.5343 224.1438 13.92245158548467
SCATTER-91416
1 91416U 26416A   26255.00000000  .00002000  00000-0  15000-3 0  9991
2 91416   6.5769 283.6289 0000700 180.8585 250.1062 15.16107550325171
SCATTER-91417
1 91417U 26417A   26255.00000000  .00002000  00000-0  15000-3 0  9993
2 91417  52.9331 284.0080 0000161 228.4259 274.4639 12.81344988405405
SCATTER-91418
1 91418U 26418A   26255.00000000  .00002000  00000-0  15000-3 0  9995
2 91418  95.8010 282.3002 0000280 119.4757 301.0258 14.22711142 63563
SCATTER-91419
1 91419U 26419A   26255.00000000  .00002000  00000-0  15000-3 0  9997
2 91419  55.8889 282.2797 0000889  66.1317 327.8512 15.53159688371038
SCATTER-91420
1 91420U 26420A   26255.00000000  .00002000  00000-0  15000-3 0  9991
2 91420  67.9467 282.1493 0000698 112.7237 353.2875 14.67197657928524
SCATTER-91421
1 91421U 26421A   26255.00000000  .00002000  00000-0  15000-3 0  9993
2 91421  52.8524 282.0796 0000664 352.1680  18.9511 13.36992639141934
SCATTER-91422
1 91422U 26422A   26255.00000000  .00002000  00000-0  15000-3 0  9995
2 91422  94.0775 282.7252 0000167 358.1782  44.0175 13.09084055836067
SCATTER-91423
1 91423U 26423A   26255.00000000  .00002000  00000-0  15000-3 0  9997
2 91423  80.2205 284.3019 0000770  82.3942  69.1501 15.23456995741044
SCATTER-91424
1 91424U 26424A   26255.00000000  .00002000  00000-0  15000-3 0  9999
2 91424  99.7762 282.1786 0000857 300.7517  96.6505 14.44787916784550
SCATTER-91425
1 91425U 26425A   26255.00000000  .00002000  00000-0  15000-3 0  9991
2 91425  50.4123 309.7716 0000128 344.7735 132.4526 13.42959486905429
SCATTER-91426
1 91426U 26426A   26255.00000000  .00002000  00000-0  15000-3 0  9993
2 91426  43.3634 309.7221 0000207 255.6433 159.1822 12.89511440956135
SCATTER-91427
1 91427U 26427A   26255.00000000  .00002000  00000-0  15000-3 0  9995
2 91427  90.6546 308.6812 0000703 310.3510 183.5680 13.44951162227969
SCATTER-91428
1 91428U 26428A   26255.00000000  .00002000  00000-0  15000-3 0  9997
2 91428  82.2740 308.4374 0000518  50.0344 209.6851 13.59896044321150
SCATTER-91429
1 91429U 26429A   26255.00000000  .00002000  00000-0  15000-3 0  9999
2 91429  40.7883 307.4913 0000597   8.9147 235.1039 15.22098028820194
SCATTER-91430
1 91430U 26430A   26255.00000000  .00002000  00000-0  15000-3 0  9993
2 91430  81.1770 308.8664 0000499 291.5179 259.5710 14.84691037792150
SCATTER-91431
1 91431U 26431A   26255.00000000  .00002000  00000-0  15000-3 0  9995
2 91431  53.9208 307.7529 0000479  67.4647 287.5301 13.83437507713844
SCATTER-91432
1 91432U 26432A   26255.00000000  .00002000  00000-0  15000-3 0  9997
2 91432  43.1166 309.2124 0000811  56.7183 311.3550 15.56617809695919
SCATTER-91433
1 91433U 26433A   26255.00000000  .00002000  00000-0  15000-3 0  9999
2 91433  13.7364 307.1906 0000636  12.1572 336.5733 13.30775374120301
SCATTER-91434
1 91434U 26434A   26255.00000000  .00002000  00000-0  15000-3 0  9991
2 91434  83.8600 309.0929 0000898 119.4490   2.2683 14.54880493707082
SCATTER-91435
1 91435U 26435A   26255.00000000  .00002000  00000-0  15000-3 0  9993
2 91435  34.2258 308.8134 0000154 178.0517  30.5524 13.59643607199017
SCATTER-91436
1 91436U 26436A   26255.00000000  .00002000  00000-0  15000-3 0  9995
2 91436  37.7392 309.6303 0000707 241.8739  55.3066 15.52049004711899
SCATTER-91437
1 91437U 26437A   26255.00000000  .00002000  00000-0  15000-3 0  9997
2 91437  44.3755 309.0154 0000344 141.1497  79.1763 15.14464264612463
SCATTER-91438
1 91438U 26438A   26255.00000000  .00002000  00000-0  15000-3 0  9999
2 91438  42.6662 308.1650 0000093 136.8166 105.9187 15.48310720375624
SCATTER-91439
1 91439U 26439A   26255.00000000  .00002000  00000-0  15000-3 0  9991
2 91439  19.7411 335.1934 0000627 165.8244 141.8110 14.14824918780412
SCATTER-91440
1 91440U 26440A   26255.00000000  .00002000  00000-0  15000-3 0  9995
2 91440  57.5744 333.5383 0000463  40.8018 169.5070 14.61629089638072
SCATTER-91441
1 91441U 26441A   26255.00000000  .00002000  00000-0  15000-3 0  9997
2 91441  14.5809 335.0000 0000077  95.8542 193.7972 12.74648957438686
SCATTER-91442
1 91442U 26442A   26255.00000000  .00002000  00000-0  15000-3 0  9999
2 91442  35.3084 335.1810 0000244 125.1235 219.7822 14.93768115282160
SCATTER-91443
1 91443U 26443A   26255.00000000  .00002000  00000-0  15000-3 0  9991
2 91443  49.3936 335.1068 0000577 197.9299 246.6341 13.53377425237589
SCATTER-91444
1 91444U 26444A   26255.00000000  .00002000  00000-0  15000-3 0  9993
2 91444  94.9927 335.4091 0000353  62.4064 272.0531 13.33079595698066
SCATTER-91445
1 91445U 26445A   26255.00000000  .00002000  00000-0  15000-3 0  9995
2 91445  85.1148 334.0518 0000202 154.6053 295.8540 12.85807977468403
SCATTER-91446
1 91446U 26446A   26255.00000000  .00002000  00000-0  15000-3 0  9997
2 91446  98.8410 333.5024 0000497 118.8766 324.1269 12.66595970710165
SCATTER-91447
1 91447U 26447A   26255.00000000  .00002000  00000-0  15000-3 0  9999
2 91447   7.2224 334.3154 0000135 247.8043 348.6044 13.91037000337426
SCATTER-91448
1 91448U 26448A   26255.00000000  .00002000  00000-0  15000-3 0  9991
2 91448  78.1257 333.1763 0000028 307.6411  15.2937 14.18497497300718
SCATTER-91449
1 91449U 26449A   26255.00000000  .00002000  00000-0  15000-3 0  9993
2 91449  89.0524 333.7783 0000322 101.2569  41.4172 13.82021950209115
SCATTER-91450
1 91450U 26450A   26255.00000000  .00002000  00000-0  15000-3 0  9997
2 91450  59.0173 334.9319 0000005 111.8240  67.2570 13.59851178 67334
SCATTER-91451
1 91451U 26451A   26255.00000000  .00002000  00000-0  15000-3 0  9999
2 91451  97.6974 335.7310 0000010 228.3145  92.7658 12.87188587491884
SCATTER-91452
1 91452U 26452A   26255.00000000  .00002000  00000-0  15000-3 0  9991
2 91452  98.4182 333.8037 0000517  97.2758 116.1424 12.88807193491452
